[
    {
        "model": "admin.logentry",
        "pk": 1,
        "fields": {
            "action_time": "2024-02-16T14:00:52.170Z",
            "user": 2,
            "content_type": 18,
            "object_id": "3",
            "object_repr": "test",
            "action_flag": 1,
            "change_message": "[{\"added\": {}}]"
        }
    },
    {
        "model": "admin.logentry",
        "pk": 2,
        "fields": {
            "action_time": "2024-02-16T14:20:14.102Z",
            "user": 2,
            "content_type": 18,
            "object_id": "3",
            "object_repr": "test",
            "action_flag": 2,
            "change_message": "[{\"changed\": {\"fields\": [\"\\u0420\\u043e\\u043b\\u044c \\u043f\\u043e\\u043b\\u044c\\u0437\\u043e\\u0432\\u0430\\u0442\\u0435\\u043b\\u044f\"]}}]"
        }
    },
    {
        "model": "admin.logentry",
        "pk": 3,
        "fields": {
            "action_time": "2024-02-16T14:32:33.127Z",
            "user": 2,
            "content_type": 18,
            "object_id": "3",
            "object_repr": "test",
            "action_flag": 3,
            "change_message": ""
        }
    },
    {
        "model": "admin.logentry",
        "pk": 4,
        "fields": {
            "action_time": "2024-02-16T14:50:19.654Z",
            "user": 2,
            "content_type": 18,
            "object_id": "4",
            "object_repr": "Trudnikov",
            "action_flag": 1,
            "change_message": "[{\"added\": {}}]"
        }
    },
    {
        "model": "admin.logentry",
        "pk": 5,
        "fields": {
            "action_time": "2024-02-16T14:50:28.875Z",
            "user": 2,
            "content_type": 18,
            "object_id": "4",
            "object_repr": "Trudnikov",
            "action_flag": 2,
            "change_message": "[]"
        }
    },
    {
        "model": "admin.logentry",
        "pk": 6,
        "fields": {
            "action_time": "2024-02-16T14:51:18.717Z",
            "user": 2,
            "content_type": 18,
            "object_id": "5",
            "object_repr": "MHC77",
            "action_flag": 1,
            "change_message": "[{\"added\": {}}]"
        }
    },
    {
        "model": "admin.logentry",
        "pk": 7,
        "fields": {
            "action_time": "2024-02-16T14:51:23.782Z",
            "user": 2,
            "content_type": 18,
            "object_id": "5",
            "object_repr": "MHC77",
            "action_flag": 2,
            "change_message": "[]"
        }
    },
    {
        "model": "admin.logentry",
        "pk": 8,
        "fields": {
            "action_time": "2024-02-16T14:51:51.033Z",
            "user": 2,
            "content_type": 18,
            "object_id": "5",
            "object_repr": "MNS77",
            "action_flag": 2,
            "change_message": "[{\"changed\": {\"fields\": [\"Username\"]}}]"
        }
    },
    {
        "model": "admin.logentry",
        "pk": 9,
        "fields": {
            "action_time": "2024-02-16T14:52:36.971Z",
            "user": 2,
            "content_type": 18,
            "object_id": "6",
            "object_repr": "RLPH",
            "action_flag": 1,
            "change_message": "[{\"added\": {}}]"
        }
    },
    {
        "model": "admin.logentry",
        "pk": 10,
        "fields": {
            "action_time": "2024-02-16T14:52:41.445Z",
            "user": 2,
            "content_type": 18,
            "object_id": "6",
            "object_repr": "RLPH",
            "action_flag": 2,
            "change_message": "[]"
        }
    },
    {
        "model": "admin.logentry",
        "pk": 11,
        "fields": {
            "action_time": "2024-02-16T14:53:56.181Z",
            "user": 2,
            "content_type": 18,
            "object_id": "4",
            "object_repr": "Trudnikov",
            "action_flag": 2,
            "change_message": "[]"
        }
    },
    {
        "model": "admin.logentry",
        "pk": 12,
        "fields": {
            "action_time": "2024-02-16T14:54:40.474Z",
            "user": 2,
            "content_type": 18,
            "object_id": "7",
            "object_repr": "RMK",
            "action_flag": 1,
            "change_message": "[{\"added\": {}}]"
        }
    },
    {
        "model": "admin.logentry",
        "pk": 13,
        "fields": {
            "action_time": "2024-02-16T14:54:55.652Z",
            "user": 2,
            "content_type": 18,
            "object_id": "7",
            "object_repr": "RMK",
            "action_flag": 2,
            "change_message": "[]"
        }
    },
    {
        "model": "admin.logentry",
        "pk": 14,
        "fields": {
            "action_time": "2024-02-16T14:56:23.407Z",
            "user": 2,
            "content_type": 18,
            "object_id": "7",
            "object_repr": "RMK",
            "action_flag": 2,
            "change_message": "[{\"changed\": {\"fields\": [\"\\u041d\\u0430\\u0437\\u0432\\u0430\\u043d\\u0438\\u0435 \\u043a\\u043e\\u043c\\u043f\\u0430\\u043d\\u0438\\u0438\"]}}]"
        }
    },
    {
        "model": "admin.logentry",
        "pk": 15,
        "fields": {
            "action_time": "2024-02-16T14:57:11.487Z",
            "user": 2,
            "content_type": 18,
            "object_id": "8",
            "object_repr": "Zander",
            "action_flag": 1,
            "change_message": "[{\"added\": {}}]"
        }
    },
    {
        "model": "admin.logentry",
        "pk": 16,
        "fields": {
            "action_time": "2024-02-16T14:57:16.101Z",
            "user": 2,
            "content_type": 18,
            "object_id": "8",
            "object_repr": "Zander",
            "action_flag": 2,
            "change_message": "[]"
        }
    },
    {
        "model": "admin.logentry",
        "pk": 17,
        "fields": {
            "action_time": "2024-02-16T14:57:55.817Z",
            "user": 2,
            "content_type": 18,
            "object_id": "9",
            "object_repr": "FPK21",
            "action_flag": 1,
            "change_message": "[{\"added\": {}}]"
        }
    },
    {
        "model": "admin.logentry",
        "pk": 18,
        "fields": {
            "action_time": "2024-02-16T14:57:58.955Z",
            "user": 2,
            "content_type": 18,
            "object_id": "9",
            "object_repr": "FPK21",
            "action_flag": 2,
            "change_message": "[]"
        }
    },
    {
        "model": "admin.logentry",
        "pk": 19,
        "fields": {
            "action_time": "2024-02-16T14:58:54.079Z",
            "user": 2,
            "content_type": 18,
            "object_id": "10",
            "object_repr": "Komplekt-Postavka",
            "action_flag": 1,
            "change_message": "[{\"added\": {}}]"
        }
    },
    {
        "model": "admin.logentry",
        "pk": 20,
        "fields": {
            "action_time": "2024-02-16T14:58:56.827Z",
            "user": 2,
            "content_type": 18,
            "object_id": "10",
            "object_repr": "Komplekt-Postavka",
            "action_flag": 2,
            "change_message": "[]"
        }
    },
    {
        "model": "admin.logentry",
        "pk": 21,
        "fields": {
            "action_time": "2024-02-16T14:59:05.411Z",
            "user": 2,
            "content_type": 18,
            "object_id": "2",
            "object_repr": "admin",
            "action_flag": 2,
            "change_message": "[{\"changed\": {\"fields\": [\"\\u0420\\u043e\\u043b\\u044c \\u043f\\u043e\\u043b\\u044c\\u0437\\u043e\\u0432\\u0430\\u0442\\u0435\\u043b\\u044f\"]}}]"
        }
    },
    {
        "model": "admin.logentry",
        "pk": 22,
        "fields": {
            "action_time": "2024-02-16T15:06:56.374Z",
            "user": 2,
            "content_type": 18,
            "object_id": "8",
            "object_repr": "Zander",
            "action_flag": 2,
            "change_message": "[]"
        }
    },
    {
        "model": "admin.logentry",
        "pk": 23,
        "fields": {
            "action_time": "2024-02-16T15:08:00.096Z",
            "user": 2,
            "content_type": 18,
            "object_id": "11",
            "object_repr": "PromTech",
            "action_flag": 1,
            "change_message": "[{\"added\": {}}]"
        }
    },
    {
        "model": "admin.logentry",
        "pk": 24,
        "fields": {
            "action_time": "2024-02-16T15:08:45.785Z",
            "user": 2,
            "content_type": 18,
            "object_id": "11",
            "object_repr": "PromTech",
            "action_flag": 2,
            "change_message": "[{\"changed\": {\"fields\": [\"\\u0421\\u0435\\u0440\\u0432\\u0438\\u0441\\u043d\\u0430\\u044f \\u043a\\u043e\\u043c\\u043f\\u0430\\u043d\\u0438\\u044f\"]}}]"
        }
    },
    {
        "model": "admin.logentry",
        "pk": 25,
        "fields": {
            "action_time": "2024-02-16T15:09:28.966Z",
            "user": 2,
            "content_type": 18,
            "object_id": "12",
            "object_repr": "Silant",
            "action_flag": 1,
            "change_message": "[{\"added\": {}}]"
        }
    },
    {
        "model": "admin.logentry",
        "pk": 26,
        "fields": {
            "action_time": "2024-02-16T15:09:43.875Z",
            "user": 2,
            "content_type": 18,
            "object_id": "12",
            "object_repr": "Silant",
            "action_flag": 2,
            "change_message": "[{\"changed\": {\"fields\": [\"\\u0421\\u0435\\u0440\\u0432\\u0438\\u0441\\u043d\\u0430\\u044f \\u043a\\u043e\\u043c\\u043f\\u0430\\u043d\\u0438\\u044f\"]}}]"
        }
    },
    {
        "model": "admin.logentry",
        "pk": 27,
        "fields": {
            "action_time": "2024-02-16T15:10:23.206Z",
            "user": 2,
            "content_type": 18,
            "object_id": "13",
            "object_repr": "FNS",
            "action_flag": 1,
            "change_message": "[{\"added\": {}}]"
        }
    },
    {
        "model": "admin.logentry",
        "pk": 28,
        "fields": {
            "action_time": "2024-02-16T15:10:53.205Z",
            "user": 2,
            "content_type": 18,
            "object_id": "13",
            "object_repr": "FNS",
            "action_flag": 2,
            "change_message": "[{\"changed\": {\"fields\": [\"\\u0421\\u0435\\u0440\\u0432\\u0438\\u0441\\u043d\\u0430\\u044f \\u043a\\u043e\\u043c\\u043f\\u0430\\u043d\\u0438\\u044f\"]}}]"
        }
    },
    {
        "model": "admin.logentry",
        "pk": 29,
        "fields": {
            "action_time": "2024-02-16T15:12:42.535Z",
            "user": 2,
            "content_type": 18,
            "object_id": "14",
            "object_repr": "test",
            "action_flag": 1,
            "change_message": "[{\"added\": {}}]"
        }
    },
    {
        "model": "admin.logentry",
        "pk": 30,
        "fields": {
            "action_time": "2024-02-16T15:12:54.399Z",
            "user": 2,
            "content_type": 18,
            "object_id": "14",
            "object_repr": "test",
            "action_flag": 3,
            "change_message": ""
        }
    },
    {
        "model": "admin.logentry",
        "pk": 31,
        "fields": {
            "action_time": "2024-02-16T15:14:10.259Z",
            "user": 2,
            "content_type": 18,
            "object_id": "15",
            "object_repr": "Manager1",
            "action_flag": 1,
            "change_message": "[{\"added\": {}}]"
        }
    },
    {
        "model": "admin.logentry",
        "pk": 32,
        "fields": {
            "action_time": "2024-02-16T15:14:16.271Z",
            "user": 2,
            "content_type": 18,
            "object_id": "15",
            "object_repr": "Manager1",
            "action_flag": 2,
            "change_message": "[]"
        }
    },
    {
        "model": "admin.logentry",
        "pk": 33,
        "fields": {
            "action_time": "2024-02-16T15:14:51.674Z",
            "user": 2,
            "content_type": 18,
            "object_id": "16",
            "object_repr": "Admin1",
            "action_flag": 1,
            "change_message": "[{\"added\": {}}]"
        }
    },
    {
        "model": "admin.logentry",
        "pk": 34,
        "fields": {
            "action_time": "2024-02-16T15:14:59.137Z",
            "user": 2,
            "content_type": 18,
            "object_id": "16",
            "object_repr": "Admin1",
            "action_flag": 2,
            "change_message": "[]"
        }
    },
    {
        "model": "admin.logentry",
        "pk": 35,
        "fields": {
            "action_time": "2024-02-17T14:24:03.884Z",
            "user": 2,
            "content_type": 17,
            "object_id": "5",
            "object_repr": "ТО-5 (2000м/час)",
            "action_flag": 2,
            "change_message": "[{\"changed\": {\"fields\": [\"\\u041e\\u043f\\u0438\\u0441\\u0430\\u043d\\u0438\\u0435\"]}}]"
        }
    },
    {
        "model": "admin.logentry",
        "pk": 36,
        "fields": {
            "action_time": "2024-02-17T14:24:03.965Z",
            "user": 2,
            "content_type": 17,
            "object_id": "4",
            "object_repr": "ТО-4 (1000м/час)",
            "action_flag": 2,
            "change_message": "[{\"changed\": {\"fields\": [\"\\u041e\\u043f\\u0438\\u0441\\u0430\\u043d\\u0438\\u0435\"]}}]"
        }
    },
    {
        "model": "admin.logentry",
        "pk": 37,
        "fields": {
            "action_time": "2024-02-17T14:24:03.968Z",
            "user": 2,
            "content_type": 17,
            "object_id": "3",
            "object_repr": "ТО-2 (400 м/час)",
            "action_flag": 2,
            "change_message": "[{\"changed\": {\"fields\": [\"\\u041e\\u043f\\u0438\\u0441\\u0430\\u043d\\u0438\\u0435\"]}}]"
        }
    },
    {
        "model": "admin.logentry",
        "pk": 38,
        "fields": {
            "action_time": "2024-02-17T14:24:03.971Z",
            "user": 2,
            "content_type": 17,
            "object_id": "2",
            "object_repr": "ТО-1 (200 м/час)",
            "action_flag": 2,
            "change_message": "[{\"changed\": {\"fields\": [\"\\u041e\\u043f\\u0438\\u0441\\u0430\\u043d\\u0438\\u0435\"]}}]"
        }
    },
    {
        "model": "admin.logentry",
        "pk": 39,
        "fields": {
            "action_time": "2024-02-17T14:24:03.976Z",
            "user": 2,
            "content_type": 17,
            "object_id": "1",
            "object_repr": "ТО-0 (50 м/час)",
            "action_flag": 2,
            "change_message": "[{\"changed\": {\"fields\": [\"\\u041e\\u043f\\u0438\\u0441\\u0430\\u043d\\u0438\\u0435\"]}}]"
        }
    },
    {
        "model": "admin.logentry",
        "pk": 40,
        "fields": {
            "action_time": "2024-02-17T14:24:23.146Z",
            "user": 2,
            "content_type": 9,
            "object_id": "1",
            "object_repr": "20VA-00101",
            "action_flag": 2,
            "change_message": "[{\"changed\": {\"fields\": [\"\\u041e\\u043f\\u0438\\u0441\\u0430\\u043d\\u0438\\u0435\"]}}]"
        }
    },
    {
        "model": "admin.logentry",
        "pk": 41,
        "fields": {
            "action_time": "2024-02-17T14:24:23.150Z",
            "user": 2,
            "content_type": 9,
            "object_id": "2",
            "object_repr": "20VB-00102",
            "action_flag": 2,
            "change_message": "[{\"changed\": {\"fields\": [\"\\u041e\\u043f\\u0438\\u0441\\u0430\\u043d\\u0438\\u0435\"]}}]"
        }
    },
    {
        "model": "admin.logentry",
        "pk": 42,
        "fields": {
            "action_time": "2024-02-17T14:24:23.153Z",
            "user": 2,
            "content_type": 9,
            "object_id": "3",
            "object_repr": "HA30-02020",
            "action_flag": 2,
            "change_message": "[{\"changed\": {\"fields\": [\"\\u041e\\u043f\\u0438\\u0441\\u0430\\u043d\\u0438\\u0435\"]}}]"
        }
    },
    {
        "model": "admin.logentry",
        "pk": 43,
        "fields": {
            "action_time": "2024-02-17T14:24:23.155Z",
            "user": 2,
            "content_type": 9,
            "object_id": "4",
            "object_repr": "HA50-VP010",
            "action_flag": 2,
            "change_message": "[{\"changed\": {\"fields\": [\"\\u041e\\u043f\\u0438\\u0441\\u0430\\u043d\\u0438\\u0435\"]}}]"
        }
    },
    {
        "model": "admin.logentry",
        "pk": 44,
        "fields": {
            "action_time": "2024-02-17T14:24:38.464Z",
            "user": 2,
            "content_type": 10,
            "object_id": "1",
            "object_repr": "Kubota D1803",
            "action_flag": 2,
            "change_message": "[{\"changed\": {\"fields\": [\"\\u041e\\u043f\\u0438\\u0441\\u0430\\u043d\\u0438\\u0435\"]}}]"
        }
    },
    {
        "model": "admin.logentry",
        "pk": 45,
        "fields": {
            "action_time": "2024-02-17T14:24:38.469Z",
            "user": 2,
            "content_type": 10,
            "object_id": "2",
            "object_repr": "Kubota V3300",
            "action_flag": 2,
            "change_message": "[{\"changed\": {\"fields\": [\"\\u041e\\u043f\\u0438\\u0441\\u0430\\u043d\\u0438\\u0435\"]}}]"
        }
    },
    {
        "model": "admin.logentry",
        "pk": 46,
        "fields": {
            "action_time": "2024-02-17T14:24:38.473Z",
            "user": 2,
            "content_type": 10,
            "object_id": "3",
            "object_repr": "MMZ-4D",
            "action_flag": 2,
            "change_message": "[{\"changed\": {\"fields\": [\"\\u041e\\u043f\\u0438\\u0441\\u0430\\u043d\\u0438\\u0435\"]}}]"
        }
    },
    {
        "model": "admin.logentry",
        "pk": 47,
        "fields": {
            "action_time": "2024-02-17T14:24:38.476Z",
            "user": 2,
            "content_type": 10,
            "object_id": "4",
            "object_repr": "Nissan K21",
            "action_flag": 2,
            "change_message": "[{\"changed\": {\"fields\": [\"\\u041e\\u043f\\u0438\\u0441\\u0430\\u043d\\u0438\\u0435\"]}}]"
        }
    },
    {
        "model": "admin.logentry",
        "pk": 48,
        "fields": {
            "action_time": "2024-02-17T14:24:38.478Z",
            "user": 2,
            "content_type": 10,
            "object_id": "5",
            "object_repr": "ММЗ Д-243",
            "action_flag": 2,
            "change_message": "[{\"changed\": {\"fields\": [\"\\u041e\\u043f\\u0438\\u0441\\u0430\\u043d\\u0438\\u0435\"]}}]"
        }
    },
    {
        "model": "admin.logentry",
        "pk": 49,
        "fields": {
            "action_time": "2024-02-17T14:25:01.233Z",
            "user": 2,
            "content_type": 16,
            "object_id": "1",
            "object_repr": "ПГ1,5",
            "action_flag": 2,
            "change_message": "[{\"changed\": {\"fields\": [\"\\u041e\\u043f\\u0438\\u0441\\u0430\\u043d\\u0438\\u0435\"]}}]"
        }
    },
    {
        "model": "admin.logentry",
        "pk": 50,
        "fields": {
            "action_time": "2024-02-17T14:25:01.244Z",
            "user": 2,
            "content_type": 16,
            "object_id": "2",
            "object_repr": "ПД1,5",
            "action_flag": 2,
            "change_message": "[{\"changed\": {\"fields\": [\"\\u041e\\u043f\\u0438\\u0441\\u0430\\u043d\\u0438\\u0435\"]}}]"
        }
    },
    {
        "model": "admin.logentry",
        "pk": 51,
        "fields": {
            "action_time": "2024-02-17T14:25:01.248Z",
            "user": 2,
            "content_type": 16,
            "object_id": "3",
            "object_repr": "ПД2,0",
            "action_flag": 2,
            "change_message": "[{\"changed\": {\"fields\": [\"\\u041e\\u043f\\u0438\\u0441\\u0430\\u043d\\u0438\\u0435\"]}}]"
        }
    },
    {
        "model": "admin.logentry",
        "pk": 52,
        "fields": {
            "action_time": "2024-02-17T14:25:01.251Z",
            "user": 2,
            "content_type": 16,
            "object_id": "4",
            "object_repr": "ПД2,5",
            "action_flag": 2,
            "change_message": "[{\"changed\": {\"fields\": [\"\\u041e\\u043f\\u0438\\u0441\\u0430\\u043d\\u0438\\u0435\"]}}]"
        }
    },
    {
        "model": "admin.logentry",
        "pk": 53,
        "fields": {
            "action_time": "2024-02-17T14:25:01.255Z",
            "user": 2,
            "content_type": 16,
            "object_id": "5",
            "object_repr": "ПД3,0",
            "action_flag": 2,
            "change_message": "[{\"changed\": {\"fields\": [\"\\u041e\\u043f\\u0438\\u0441\\u0430\\u043d\\u0438\\u0435\"]}}]"
        }
    },
    {
        "model": "admin.logentry",
        "pk": 54,
        "fields": {
            "action_time": "2024-02-17T14:25:01.258Z",
            "user": 2,
            "content_type": 16,
            "object_id": "6",
            "object_repr": "ПД5,0",
            "action_flag": 2,
            "change_message": "[{\"changed\": {\"fields\": [\"\\u041e\\u043f\\u0438\\u0441\\u0430\\u043d\\u0438\\u0435\"]}}]"
        }
    },
    {
        "model": "admin.logentry",
        "pk": 55,
        "fields": {
            "action_time": "2024-02-17T14:25:21.788Z",
            "user": 2,
            "content_type": 15,
            "object_id": "1",
            "object_repr": "10VA-00105",
            "action_flag": 2,
            "change_message": "[{\"changed\": {\"fields\": [\"\\u041e\\u043f\\u0438\\u0441\\u0430\\u043d\\u0438\\u0435\"]}}]"
        }
    },
    {
        "model": "admin.logentry",
        "pk": 56,
        "fields": {
            "action_time": "2024-02-17T14:25:21.793Z",
            "user": 2,
            "content_type": 15,
            "object_id": "2",
            "object_repr": "10VB-00106",
            "action_flag": 2,
            "change_message": "[{\"changed\": {\"fields\": [\"\\u041e\\u043f\\u0438\\u0441\\u0430\\u043d\\u0438\\u0435\"]}}]"
        }
    },
    {
        "model": "admin.logentry",
        "pk": 57,
        "fields": {
            "action_time": "2024-02-17T14:25:21.797Z",
            "user": 2,
            "content_type": 15,
            "object_id": "3",
            "object_repr": "HF30-VP010",
            "action_flag": 2,
            "change_message": "[{\"changed\": {\"fields\": [\"\\u041e\\u043f\\u0438\\u0441\\u0430\\u043d\\u0438\\u0435\"]}}]"
        }
    },
    {
        "model": "admin.logentry",
        "pk": 58,
        "fields": {
            "action_time": "2024-02-17T14:25:21.800Z",
            "user": 2,
            "content_type": 15,
            "object_id": "4",
            "object_repr": "HF50-VP020",
            "action_flag": 2,
            "change_message": "[{\"changed\": {\"fields\": [\"\\u041e\\u043f\\u0438\\u0441\\u0430\\u043d\\u0438\\u0435\"]}}]"
        }
    },
    {
        "model": "admin.logentry",
        "pk": 59,
        "fields": {
            "action_time": "2024-02-17T14:25:40.779Z",
            "user": 2,
            "content_type": 14,
            "object_id": "1",
            "object_repr": "B350655A",
            "action_flag": 2,
            "change_message": "[{\"changed\": {\"fields\": [\"\\u041e\\u043f\\u0438\\u0441\\u0430\\u043d\\u0438\\u0435\"]}}]"
        }
    },
    {
        "model": "admin.logentry",
        "pk": 60,
        "fields": {
            "action_time": "2024-02-17T14:25:40.784Z",
            "user": 2,
            "content_type": 14,
            "object_id": "2",
            "object_repr": "VS20-00001",
            "action_flag": 2,
            "change_message": "[{\"changed\": {\"fields\": [\"\\u041e\\u043f\\u0438\\u0441\\u0430\\u043d\\u0438\\u0435\"]}}]"
        }
    },
    {
        "model": "admin.logentry",
        "pk": 61,
        "fields": {
            "action_time": "2024-02-17T14:25:40.787Z",
            "user": 2,
            "content_type": 14,
            "object_id": "3",
            "object_repr": "VS30-00001",
            "action_flag": 2,
            "change_message": "[{\"changed\": {\"fields\": [\"\\u041e\\u043f\\u0438\\u0441\\u0430\\u043d\\u0438\\u0435\"]}}]"
        }
    },
    {
        "model": "admin.logentry",
        "pk": 62,
        "fields": {
            "action_time": "2024-02-17T14:26:04.031Z",
            "user": 2,
            "content_type": 12,
            "object_id": "1",
            "object_repr": "Замена узла",
            "action_flag": 2,
            "change_message": "[{\"changed\": {\"fields\": [\"\\u041e\\u043f\\u0438\\u0441\\u0430\\u043d\\u0438\\u0435\"]}}]"
        }
    },
    {
        "model": "admin.logentry",
        "pk": 63,
        "fields": {
            "action_time": "2024-02-17T14:26:04.037Z",
            "user": 2,
            "content_type": 12,
            "object_id": "2",
            "object_repr": "Ремонт узла",
            "action_flag": 2,
            "change_message": "[{\"changed\": {\"fields\": [\"\\u041e\\u043f\\u0438\\u0441\\u0430\\u043d\\u0438\\u0435\"]}}]"
        }
    },
    {
        "model": "admin.logentry",
        "pk": 64,
        "fields": {
            "action_time": "2024-02-17T14:26:32.469Z",
            "user": 2,
            "content_type": 11,
            "object_id": "1",
            "object_repr": "Ведущий мост",
            "action_flag": 2,
            "change_message": "[{\"changed\": {\"fields\": [\"\\u041e\\u043f\\u0438\\u0441\\u0430\\u043d\\u0438\\u0435\"]}}]"
        }
    },
    {
        "model": "admin.logentry",
        "pk": 65,
        "fields": {
            "action_time": "2024-02-17T14:26:32.477Z",
            "user": 2,
            "content_type": 11,
            "object_id": "2",
            "object_repr": "Гидросистема",
            "action_flag": 2,
            "change_message": "[{\"changed\": {\"fields\": [\"\\u041e\\u043f\\u0438\\u0441\\u0430\\u043d\\u0438\\u0435\"]}}]"
        }
    },
    {
        "model": "admin.logentry",
        "pk": 66,
        "fields": {
            "action_time": "2024-02-17T14:26:32.481Z",
            "user": 2,
            "content_type": 11,
            "object_id": "3",
            "object_repr": "Двигатель",
            "action_flag": 2,
            "change_message": "[{\"changed\": {\"fields\": [\"\\u041e\\u043f\\u0438\\u0441\\u0430\\u043d\\u0438\\u0435\"]}}]"
        }
    },
    {
        "model": "admin.logentry",
        "pk": 67,
        "fields": {
            "action_time": "2024-02-17T14:26:32.484Z",
            "user": 2,
            "content_type": 11,
            "object_id": "4",
            "object_repr": "Подъёмное устройство",
            "action_flag": 2,
            "change_message": "[{\"changed\": {\"fields\": [\"\\u041e\\u043f\\u0438\\u0441\\u0430\\u043d\\u0438\\u0435\"]}}]"
        }
    },
    {
        "model": "admin.logentry",
        "pk": 68,
        "fields": {
            "action_time": "2024-02-17T14:26:32.487Z",
            "user": 2,
            "content_type": 11,
            "object_id": "5",
            "object_repr": "Трансмиссия",
            "action_flag": 2,
            "change_message": "[{\"changed\": {\"fields\": [\"\\u041e\\u043f\\u0438\\u0441\\u0430\\u043d\\u0438\\u0435\"]}}]"
        }
    },
    {
        "model": "admin.logentry",
        "pk": 69,
        "fields": {
            "action_time": "2024-02-17T14:26:32.492Z",
            "user": 2,
            "content_type": 11,
            "object_id": "6",
            "object_repr": "Управляемый мост",
            "action_flag": 2,
            "change_message": "[{\"changed\": {\"fields\": [\"\\u041e\\u043f\\u0438\\u0441\\u0430\\u043d\\u0438\\u0435\"]}}]"
        }
    },
    {
        "model": "auth.permission",
        "pk": 1,
        "fields": {
            "name": "Can add log entry",
            "content_type": 1,
            "codename": "add_logentry"
        }
    },
    {
        "model": "auth.permission",
        "pk": 2,
        "fields": {
            "name": "Can change log entry",
            "content_type": 1,
            "codename": "change_logentry"
        }
    },
    {
        "model": "auth.permission",
        "pk": 3,
        "fields": {
            "name": "Can delete log entry",
            "content_type": 1,
            "codename": "delete_logentry"
        }
    },
    {
        "model": "auth.permission",
        "pk": 4,
        "fields": {
            "name": "Can view log entry",
            "content_type": 1,
            "codename": "view_logentry"
        }
    },
    {
        "model": "auth.permission",
        "pk": 5,
        "fields": {
            "name": "Can add permission",
            "content_type": 2,
            "codename": "add_permission"
        }
    },
    {
        "model": "auth.permission",
        "pk": 6,
        "fields": {
            "name": "Can change permission",
            "content_type": 2,
            "codename": "change_permission"
        }
    },
    {
        "model": "auth.permission",
        "pk": 7,
        "fields": {
            "name": "Can delete permission",
            "content_type": 2,
            "codename": "delete_permission"
        }
    },
    {
        "model": "auth.permission",
        "pk": 8,
        "fields": {
            "name": "Can view permission",
            "content_type": 2,
            "codename": "view_permission"
        }
    },
    {
        "model": "auth.permission",
        "pk": 9,
        "fields": {
            "name": "Can add group",
            "content_type": 3,
            "codename": "add_group"
        }
    },
    {
        "model": "auth.permission",
        "pk": 10,
        "fields": {
            "name": "Can change group",
            "content_type": 3,
            "codename": "change_group"
        }
    },
    {
        "model": "auth.permission",
        "pk": 11,
        "fields": {
            "name": "Can delete group",
            "content_type": 3,
            "codename": "delete_group"
        }
    },
    {
        "model": "auth.permission",
        "pk": 12,
        "fields": {
            "name": "Can view group",
            "content_type": 3,
            "codename": "view_group"
        }
    },
    {
        "model": "auth.permission",
        "pk": 13,
        "fields": {
            "name": "Can add content type",
            "content_type": 4,
            "codename": "add_contenttype"
        }
    },
    {
        "model": "auth.permission",
        "pk": 14,
        "fields": {
            "name": "Can change content type",
            "content_type": 4,
            "codename": "change_contenttype"
        }
    },
    {
        "model": "auth.permission",
        "pk": 15,
        "fields": {
            "name": "Can delete content type",
            "content_type": 4,
            "codename": "delete_contenttype"
        }
    },
    {
        "model": "auth.permission",
        "pk": 16,
        "fields": {
            "name": "Can view content type",
            "content_type": 4,
            "codename": "view_contenttype"
        }
    },
    {
        "model": "auth.permission",
        "pk": 17,
        "fields": {
            "name": "Can add session",
            "content_type": 5,
            "codename": "add_session"
        }
    },
    {
        "model": "auth.permission",
        "pk": 18,
        "fields": {
            "name": "Can change session",
            "content_type": 5,
            "codename": "change_session"
        }
    },
    {
        "model": "auth.permission",
        "pk": 19,
        "fields": {
            "name": "Can delete session",
            "content_type": 5,
            "codename": "delete_session"
        }
    },
    {
        "model": "auth.permission",
        "pk": 20,
        "fields": {
            "name": "Can view session",
            "content_type": 5,
            "codename": "view_session"
        }
    },
    {
        "model": "auth.permission",
        "pk": 21,
        "fields": {
            "name": "Can add Машину",
            "content_type": 6,
            "codename": "add_cars"
        }
    },
    {
        "model": "auth.permission",
        "pk": 22,
        "fields": {
            "name": "Can change Машину",
            "content_type": 6,
            "codename": "change_cars"
        }
    },
    {
        "model": "auth.permission",
        "pk": 23,
        "fields": {
            "name": "Can delete Машину",
            "content_type": 6,
            "codename": "delete_cars"
        }
    },
    {
        "model": "auth.permission",
        "pk": 24,
        "fields": {
            "name": "Can view Машину",
            "content_type": 6,
            "codename": "view_cars"
        }
    },
    {
        "model": "auth.permission",
        "pk": 25,
        "fields": {
            "name": "Can add ТО",
            "content_type": 7,
            "codename": "add_maintenance"
        }
    },
    {
        "model": "auth.permission",
        "pk": 26,
        "fields": {
            "name": "Can change ТО",
            "content_type": 7,
            "codename": "change_maintenance"
        }
    },
    {
        "model": "auth.permission",
        "pk": 27,
        "fields": {
            "name": "Can delete ТО",
            "content_type": 7,
            "codename": "delete_maintenance"
        }
    },
    {
        "model": "auth.permission",
        "pk": 28,
        "fields": {
            "name": "Can view ТО",
            "content_type": 7,
            "codename": "view_maintenance"
        }
    },
    {
        "model": "auth.permission",
        "pk": 29,
        "fields": {
            "name": "Can add Рекламация",
            "content_type": 8,
            "codename": "add_reclamation"
        }
    },
    {
        "model": "auth.permission",
        "pk": 30,
        "fields": {
            "name": "Can change Рекламация",
            "content_type": 8,
            "codename": "change_reclamation"
        }
    },
    {
        "model": "auth.permission",
        "pk": 31,
        "fields": {
            "name": "Can delete Рекламация",
            "content_type": 8,
            "codename": "delete_reclamation"
        }
    },
    {
        "model": "auth.permission",
        "pk": 32,
        "fields": {
            "name": "Can view Рекламация",
            "content_type": 8,
            "codename": "view_reclamation"
        }
    },
    {
        "model": "auth.permission",
        "pk": 33,
        "fields": {
            "name": "Can add Модель ведущего моста",
            "content_type": 9,
            "codename": "add_driveaxle"
        }
    },
    {
        "model": "auth.permission",
        "pk": 34,
        "fields": {
            "name": "Can change Модель ведущего моста",
            "content_type": 9,
            "codename": "change_driveaxle"
        }
    },
    {
        "model": "auth.permission",
        "pk": 35,
        "fields": {
            "name": "Can delete Модель ведущего моста",
            "content_type": 9,
            "codename": "delete_driveaxle"
        }
    },
    {
        "model": "auth.permission",
        "pk": 36,
        "fields": {
            "name": "Can view Модель ведущего моста",
            "content_type": 9,
            "codename": "view_driveaxle"
        }
    },
    {
        "model": "auth.permission",
        "pk": 37,
        "fields": {
            "name": "Can add Модель двигателя",
            "content_type": 10,
            "codename": "add_enginemodel"
        }
    },
    {
        "model": "auth.permission",
        "pk": 38,
        "fields": {
            "name": "Can change Модель двигателя",
            "content_type": 10,
            "codename": "change_enginemodel"
        }
    },
    {
        "model": "auth.permission",
        "pk": 39,
        "fields": {
            "name": "Can delete Модель двигателя",
            "content_type": 10,
            "codename": "delete_enginemodel"
        }
    },
    {
        "model": "auth.permission",
        "pk": 40,
        "fields": {
            "name": "Can view Модель двигателя",
            "content_type": 10,
            "codename": "view_enginemodel"
        }
    },
    {
        "model": "auth.permission",
        "pk": 41,
        "fields": {
            "name": "Can add Узел отказа",
            "content_type": 11,
            "codename": "add_failurenode"
        }
    },
    {
        "model": "auth.permission",
        "pk": 42,
        "fields": {
            "name": "Can change Узел отказа",
            "content_type": 11,
            "codename": "change_failurenode"
        }
    },
    {
        "model": "auth.permission",
        "pk": 43,
        "fields": {
            "name": "Can delete Узел отказа",
            "content_type": 11,
            "codename": "delete_failurenode"
        }
    },
    {
        "model": "auth.permission",
        "pk": 44,
        "fields": {
            "name": "Can view Узел отказа",
            "content_type": 11,
            "codename": "view_failurenode"
        }
    },
    {
        "model": "auth.permission",
        "pk": 45,
        "fields": {
            "name": "Can add Способ востановления",
            "content_type": 12,
            "codename": "add_recoverymethod"
        }
    },
    {
        "model": "auth.permission",
        "pk": 46,
        "fields": {
            "name": "Can change Способ востановления",
            "content_type": 12,
            "codename": "change_recoverymethod"
        }
    },
    {
        "model": "auth.permission",
        "pk": 47,
        "fields": {
            "name": "Can delete Способ востановления",
            "content_type": 12,
            "codename": "delete_recoverymethod"
        }
    },
    {
        "model": "auth.permission",
        "pk": 48,
        "fields": {
            "name": "Can view Способ востановления",
            "content_type": 12,
            "codename": "view_recoverymethod"
        }
    },
    {
        "model": "auth.permission",
        "pk": 49,
        "fields": {
            "name": "Can add Сервисная компания",
            "content_type": 13,
            "codename": "add_servicecompany"
        }
    },
    {
        "model": "auth.permission",
        "pk": 50,
        "fields": {
            "name": "Can change Сервисная компания",
            "content_type": 13,
            "codename": "change_servicecompany"
        }
    },
    {
        "model": "auth.permission",
        "pk": 51,
        "fields": {
            "name": "Can delete Сервисная компания",
            "content_type": 13,
            "codename": "delete_servicecompany"
        }
    },
    {
        "model": "auth.permission",
        "pk": 52,
        "fields": {
            "name": "Can view Сервисная компания",
            "content_type": 13,
            "codename": "view_servicecompany"
        }
    },
    {
        "model": "auth.permission",
        "pk": 53,
        "fields": {
            "name": "Can add Модель управляемого моста",
            "content_type": 14,
            "codename": "add_steeringaxle"
        }
    },
    {
        "model": "auth.permission",
        "pk": 54,
        "fields": {
            "name": "Can change Модель управляемого моста",
            "content_type": 14,
            "codename": "change_steeringaxle"
        }
    },
    {
        "model": "auth.permission",
        "pk": 55,
        "fields": {
            "name": "Can delete Модель управляемого моста",
            "content_type": 14,
            "codename": "delete_steeringaxle"
        }
    },
    {
        "model": "auth.permission",
        "pk": 56,
        "fields": {
            "name": "Can view Модель управляемого моста",
            "content_type": 14,
            "codename": "view_steeringaxle"
        }
    },
    {
        "model": "auth.permission",
        "pk": 57,
        "fields": {
            "name": "Can add Модель трансмиссии",
            "content_type": 15,
            "codename": "add_transmissionmodel"
        }
    },
    {
        "model": "auth.permission",
        "pk": 58,
        "fields": {
            "name": "Can change Модель трансмиссии",
            "content_type": 15,
            "codename": "change_transmissionmodel"
        }
    },
    {
        "model": "auth.permission",
        "pk": 59,
        "fields": {
            "name": "Can delete Модель трансмиссии",
            "content_type": 15,
            "codename": "delete_transmissionmodel"
        }
    },
    {
        "model": "auth.permission",
        "pk": 60,
        "fields": {
            "name": "Can view Модель трансмиссии",
            "content_type": 15,
            "codename": "view_transmissionmodel"
        }
    },
    {
        "model": "auth.permission",
        "pk": 61,
        "fields": {
            "name": "Can add Модель техники",
            "content_type": 16,
            "codename": "add_vehiclemodel"
        }
    },
    {
        "model": "auth.permission",
        "pk": 62,
        "fields": {
            "name": "Can change Модель техники",
            "content_type": 16,
            "codename": "change_vehiclemodel"
        }
    },
    {
        "model": "auth.permission",
        "pk": 63,
        "fields": {
            "name": "Can delete Модель техники",
            "content_type": 16,
            "codename": "delete_vehiclemodel"
        }
    },
    {
        "model": "auth.permission",
        "pk": 64,
        "fields": {
            "name": "Can view Модель техники",
            "content_type": 16,
            "codename": "view_vehiclemodel"
        }
    },
    {
        "model": "auth.permission",
        "pk": 65,
        "fields": {
            "name": "Can add Вид ТО",
            "content_type": 17,
            "codename": "add_viewmaintenance"
        }
    },
    {
        "model": "auth.permission",
        "pk": 66,
        "fields": {
            "name": "Can change Вид ТО",
            "content_type": 17,
            "codename": "change_viewmaintenance"
        }
    },
    {
        "model": "auth.permission",
        "pk": 67,
        "fields": {
            "name": "Can delete Вид ТО",
            "content_type": 17,
            "codename": "delete_viewmaintenance"
        }
    },
    {
        "model": "auth.permission",
        "pk": 68,
        "fields": {
            "name": "Can view Вид ТО",
            "content_type": 17,
            "codename": "view_viewmaintenance"
        }
    },
    {
        "model": "auth.permission",
        "pk": 69,
        "fields": {
            "name": "Can add Пользователя",
            "content_type": 18,
            "codename": "add_user"
        }
    },
    {
        "model": "auth.permission",
        "pk": 70,
        "fields": {
            "name": "Can change Пользователя",
            "content_type": 18,
            "codename": "change_user"
        }
    },
    {
        "model": "auth.permission",
        "pk": 71,
        "fields": {
            "name": "Can delete Пользователя",
            "content_type": 18,
            "codename": "delete_user"
        }
    },
    {
        "model": "auth.permission",
        "pk": 72,
        "fields": {
            "name": "Can view Пользователя",
            "content_type": 18,
            "codename": "view_user"
        }
    },
    {
        "model": "auth.group",
        "pk": 1,
        "fields": {
            "name": "SERVICE",
            "permissions": [
                24,
                36,
                40,
                44,
                48,
                52,
                56,
                60,
                64,
                68,
                25,
                26,
                27,
                28,
                29,
                30,
                31,
                32,
                72
            ]
        }
    },
    {
        "model": "auth.group",
        "pk": 2,
        "fields": {
            "name": "CLIENT",
            "permissions": [
                24,
                36,
                40,
                44,
                48,
                52,
                56,
                60,
                64,
                68,
                25,
                26,
                27,
                28,
                32,
                72
            ]
        }
    },
    {
        "model": "auth.group",
        "pk": 3,
        "fields": {
            "name": "MANAGER",
            "permissions": [
                21,
                22,
                23,
                24,
                33,
                34,
                35,
                36,
                37,
                38,
                39,
                40,
                41,
                42,
                43,
                44,
                45,
                46,
                47,
                48,
                49,
                50,
                51,
                52,
                53,
                54,
                55,
                56,
                57,
                58,
                59,
                60,
                61,
                62,
                63,
                64,
                65,
                66,
                67,
                68,
                25,
                26,
                27,
                28,
                29,
                30,
                31,
                32,
                72
            ]
        }
    },
    {
        "model": "auth.group",
        "pk": 4,
        "fields": {
            "name": "ADMIN",
            "permissions": [
                21,
                22,
                23,
                24,
                33,
                34,
                35,
                36,
                37,
                38,
                39,
                40,
                41,
                42,
                43,
                44,
                45,
                46,
                47,
                48,
                49,
                50,
                51,
                52,
                53,
                54,
                55,
                56,
                57,
                58,
                59,
                60,
                61,
                62,
                63,
                64,
                65,
                66,
                67,
                68,
                25,
                26,
                27,
                28,
                29,
                30,
                31,
                32,
                69,
                70,
                71,
                72
            ]
        }
    },
    {
        "model": "contenttypes.contenttype",
        "pk": 1,
        "fields": {
            "app_label": "admin",
            "model": "logentry"
        }
    },
    {
        "model": "contenttypes.contenttype",
        "pk": 2,
        "fields": {
            "app_label": "auth",
            "model": "permission"
        }
    },
    {
        "model": "contenttypes.contenttype",
        "pk": 3,
        "fields": {
            "app_label": "auth",
            "model": "group"
        }
    },
    {
        "model": "contenttypes.contenttype",
        "pk": 4,
        "fields": {
            "app_label": "contenttypes",
            "model": "contenttype"
        }
    },
    {
        "model": "contenttypes.contenttype",
        "pk": 5,
        "fields": {
            "app_label": "sessions",
            "model": "session"
        }
    },
    {
        "model": "contenttypes.contenttype",
        "pk": 6,
        "fields": {
            "app_label": "cars",
            "model": "cars"
        }
    },
    {
        "model": "contenttypes.contenttype",
        "pk": 7,
        "fields": {
            "app_label": "maintenance",
            "model": "maintenance"
        }
    },
    {
        "model": "contenttypes.contenttype",
        "pk": 8,
        "fields": {
            "app_label": "reclamation",
            "model": "reclamation"
        }
    },
    {
        "model": "contenttypes.contenttype",
        "pk": 9,
        "fields": {
            "app_label": "deskbook",
            "model": "driveaxle"
        }
    },
    {
        "model": "contenttypes.contenttype",
        "pk": 10,
        "fields": {
            "app_label": "deskbook",
            "model": "enginemodel"
        }
    },
    {
        "model": "contenttypes.contenttype",
        "pk": 11,
        "fields": {
            "app_label": "deskbook",
            "model": "failurenode"
        }
    },
    {
        "model": "contenttypes.contenttype",
        "pk": 12,
        "fields": {
            "app_label": "deskbook",
            "model": "recoverymethod"
        }
    },
    {
        "model": "contenttypes.contenttype",
        "pk": 13,
        "fields": {
            "app_label": "deskbook",
            "model": "servicecompany"
        }
    },
    {
        "model": "contenttypes.contenttype",
        "pk": 14,
        "fields": {
            "app_label": "deskbook",
            "model": "steeringaxle"
        }
    },
    {
        "model": "contenttypes.contenttype",
        "pk": 15,
        "fields": {
            "app_label": "deskbook",
            "model": "transmissionmodel"
        }
    },
    {
        "model": "contenttypes.contenttype",
        "pk": 16,
        "fields": {
            "app_label": "deskbook",
            "model": "vehiclemodel"
        }
    },
    {
        "model": "contenttypes.contenttype",
        "pk": 17,
        "fields": {
            "app_label": "deskbook",
            "model": "viewmaintenance"
        }
    },
    {
        "model": "contenttypes.contenttype",
        "pk": 18,
        "fields": {
            "app_label": "users",
            "model": "user"
        }
    },
    {
        "model": "sessions.session",
        "pk": "b75fha2iaxw7qc405aewewwcmzipeyca",
        "fields": {
            "session_data": ".eJxVjDsOwjAQBe_iGlleE_8o6XMGy-vd4ACypTipEHeHSCmgfTPzXiKmbS1x67zEmcRFaHH63TDlB9cd0D3VW5O51XWZUe6KPGiXYyN-Xg_376CkXr61R_AWTODgHYeUFRlDE4IDnbLPBBPSYGEgAnsmNIpZoQ5srHFe2yDeH-oON-I:1rbLad:J-w4VRkIGWAaGTTDjlGbn3XhNd2q4W3VAvTpsHtdRmg",
            "expire_date": "2024-03-02T14:22:51.070Z"
        }
    },
    {
        "model": "cars.cars",
        "pk": 1,
        "fields": {
            "serial_number_vehicle": "0017",
            "vehicle_model": 1,
            "engine_model": 1,
            "serial_number_of_the_engine": "7ML1035",
            "transmission_model": 1,
            "serial_number_of_the_transmission": "21D0108251",
            "drive_axle_model": 1,
            "drive_axle_serial_number": "21D0107997",
            "steering_axle_model": 2,
            "serial_number_of_the_steered_axle": "21D0093265",
            "supply_contract": null,
            "date_shipped_from_factory": "2022-03-09",
            "consignee": "ИП Трудников С.В.",
            "delivery_address": "п. Знаменский,  Респ. Марий Эл",
            "equipment": "1. Гидролинии с БРС;\r\n2. Дополнительеная установка кабины",
            "client": 4,
            "service_company": 1
        }
    },
    {
        "model": "cars.cars",
        "pk": 2,
        "fields": {
            "serial_number_vehicle": "0021",
            "vehicle_model": 6,
            "engine_model": 5,
            "serial_number_of_the_engine": "112890",
            "transmission_model": 4,
            "serial_number_of_the_transmission": "20H0066",
            "drive_axle_model": 4,
            "drive_axle_serial_number": "20H0039",
            "steering_axle_model": 1,
            "serial_number_of_the_steered_axle": "KDBAC9685",
            "supply_contract": null,
            "date_shipped_from_factory": "2022-01-14",
            "consignee": "ООО \"ДЭТ №13\"",
            "delivery_address": "с. Акуловка, Московская обл.",
            "equipment": "Стандарт",
            "client": 9,
            "service_company": 2
        }
    },
    {
        "model": "cars.cars",
        "pk": 3,
        "fields": {
            "serial_number_vehicle": "0027",
            "vehicle_model": 6,
            "engine_model": 5,
            "serial_number_of_the_engine": "167733",
            "transmission_model": 4,
            "serial_number_of_the_transmission": "20H0070",
            "drive_axle_model": 4,
            "drive_axle_serial_number": "20H0049",
            "steering_axle_model": 1,
            "serial_number_of_the_steered_axle": "KDBAH6583",
            "supply_contract": null,
            "date_shipped_from_factory": "2022-04-28",
            "consignee": "ООО \"Мосгоррест\"",
            "delivery_address": "г. Санкт-Петербург",
            "equipment": "1. Кабина с отопителем",
            "client": 5,
            "service_company": 1
        }
    },
    {
        "model": "cars.cars",
        "pk": 4,
        "fields": {
            "serial_number_vehicle": "0032",
            "vehicle_model": 5,
            "engine_model": 2,
            "serial_number_of_the_engine": "2MU2983",
            "transmission_model": 2,
            "serial_number_of_the_transmission": "21K0116785",
            "drive_axle_model": 2,
            "drive_axle_serial_number": "21K0115910",
            "steering_axle_model": 3,
            "serial_number_of_the_steered_axle": "00070422",
            "supply_contract": null,
            "date_shipped_from_factory": "2022-05-27",
            "consignee": "ФРП России",
            "delivery_address": "г. Челябинск, в/ч",
            "equipment": "1. Кабина с отопителем;\r\n2. Медицинская аптечка;\r\n3. Проблесковый маячок;\r\n4. Знак аварийной остановки;\r\n5. Огнетушитель порошковый 5п;",
            "client": 9,
            "service_company": 1
        }
    },
    {
        "model": "cars.cars",
        "pk": 5,
        "fields": {
            "serial_number_vehicle": "0003",
            "vehicle_model": 5,
            "engine_model": 2,
            "serial_number_of_the_engine": "2ME0639",
            "transmission_model": 2,
            "serial_number_of_the_transmission": "21D0108264",
            "drive_axle_model": 2,
            "drive_axle_serial_number": "21D0107988",
            "steering_axle_model": 3,
            "serial_number_of_the_steered_axle": "0821004",
            "supply_contract": null,
            "date_shipped_from_factory": "2021-09-30",
            "consignee": "ООО \"Ранский ЛПХ\"",
            "delivery_address": "п. Опарино, Кировская обл.",
            "equipment": "Стандарт",
            "client": 6,
            "service_company": 2
        }
    },
    {
        "model": "cars.cars",
        "pk": 6,
        "fields": {
            "serial_number_vehicle": "0016",
            "vehicle_model": 1,
            "engine_model": 4,
            "serial_number_of_the_engine": "049827",
            "transmission_model": 1,
            "serial_number_of_the_transmission": "21D0108256",
            "drive_axle_model": 1,
            "drive_axle_serial_number": "21D0108000",
            "steering_axle_model": 2,
            "serial_number_of_the_steered_axle": "21D0093244",
            "supply_contract": null,
            "date_shipped_from_factory": "2021-12-20",
            "consignee": "ООО \"ГП СПБ\"",
            "delivery_address": "г. Санкт-Петербург",
            "equipment": "1. Кабина с отопителем;\r\n2. Каретка смещения + гидролинии;",
            "client": 10,
            "service_company": 1
        }
    },
    {
        "model": "cars.cars",
        "pk": 7,
        "fields": {
            "serial_number_vehicle": "0039",
            "vehicle_model": 3,
            "engine_model": 3,
            "serial_number_of_the_engine": "000015",
            "transmission_model": 3,
            "serial_number_of_the_transmission": "22B0001",
            "drive_axle_model": 3,
            "drive_axle_serial_number": "22B3364",
            "steering_axle_model": 2,
            "serial_number_of_the_steered_axle": "00010622",
            "supply_contract": null,
            "date_shipped_from_factory": "2022-07-18",
            "consignee": "ФСН России",
            "delivery_address": "г. Москва",
            "equipment": "1. Высота подъёма вил - 4 500мм;\r\n2. Кабина с отопителем;\r\n3. Шины суперэластик;\r\n4. Прибор комбинированный КД8235;",
            "client": 7,
            "service_company": 1
        }
    },
    {
        "model": "cars.cars",
        "pk": 8,
        "fields": {
            "serial_number_vehicle": "0045",
            "vehicle_model": 4,
            "engine_model": 3,
            "serial_number_of_the_engine": "000003",
            "transmission_model": 3,
            "serial_number_of_the_transmission": "22B0008",
            "drive_axle_model": 3,
            "drive_axle_serial_number": "22B3370",
            "steering_axle_model": 2,
            "serial_number_of_the_steered_axle": "00200622",
            "supply_contract": null,
            "date_shipped_from_factory": "2022-08-30",
            "consignee": "АО Зандер",
            "delivery_address": "г. Краснодар",
            "equipment": "1. Кабина с отопителем;\r\n2. Каретка бокового смещения 1050мм;\r\n3. Блокировка реверса хода;\r\n4. Высота подъёма вил - 4800мм;\r\n5. Прибор комбинированный КД8235;",
            "client": 8,
            "service_company": 1
        }
    },
    {
        "model": "cars.cars",
        "pk": 9,
        "fields": {
            "serial_number_vehicle": "0019",
            "vehicle_model": 6,
            "engine_model": 5,
            "serial_number_of_the_engine": "112893",
            "transmission_model": 4,
            "serial_number_of_the_transmission": "20H0069",
            "drive_axle_model": 4,
            "drive_axle_serial_number": "20H0041",
            "steering_axle_model": 1,
            "serial_number_of_the_steered_axle": "KDBAC9687",
            "supply_contract": null,
            "date_shipped_from_factory": "2022-01-28",
            "consignee": "АО \"Т-Минус\"",
            "delivery_address": "г. Первоуральск,  Свердловской обл.",
            "equipment": "1. Высота подъёма вил - 4 500мм;\r\n2. Центральный цилиндр подъёма ;\r\n3. Кабина с отопителем;\r\n4. Стрела безблочная Г-образная;",
            "client": 9,
            "service_company": 3
        }
    },
    {
        "model": "cars.cars",
        "pk": 10,
        "fields": {
            "serial_number_vehicle": "0008",
            "vehicle_model": 5,
            "engine_model": 2,
            "serial_number_of_the_engine": "2ME0753",
            "transmission_model": 2,
            "serial_number_of_the_transmission": "21D0108269",
            "drive_axle_model": 2,
            "drive_axle_serial_number": "21D0108011",
            "steering_axle_model": 3,
            "serial_number_of_the_steered_axle": "0821005",
            "supply_contract": null,
            "date_shipped_from_factory": "2021-09-30",
            "consignee": "ООО \"ГП Краснодар\"",
            "delivery_address": "г. Краснодар",
            "equipment": "1. Кабина с отопителем;",
            "client": 10,
            "service_company": 3
        }
    },
    {
        "model": "maintenance.maintenance",
        "pk": 1,
        "fields": {
            "view_maintenance": 1,
            "Date_maintenance": "2021-10-05",
            "operating_hours": 55,
            "work_order_number": "2022-32КЕ5СИЛ",
            "work_order_date": "2021-10-03",
            "car": 5,
            "service_company": 1
        }
    },
    {
        "model": "maintenance.maintenance",
        "pk": 2,
        "fields": {
            "view_maintenance": 2,
            "Date_maintenance": "2021-11-02",
            "operating_hours": 220,
            "work_order_number": "2022-81КЕ66СИЛ",
            "work_order_date": "2021-10-31",
            "car": 5,
            "service_company": 1
        }
    },
    {
        "model": "maintenance.maintenance",
        "pk": 3,
        "fields": {
            "view_maintenance": 3,
            "Date_maintenance": "2021-12-10",
            "operating_hours": 450,
            "work_order_number": "2022-72КЕ68СИЛ",
            "work_order_date": "2021-12-08",
            "car": 5,
            "service_company": 1
        }
    },
    {
        "model": "maintenance.maintenance",
        "pk": 4,
        "fields": {
            "view_maintenance": 4,
            "Date_maintenance": "2022-02-13",
            "operating_hours": 1054,
            "work_order_number": "2022-56КЕ54СИЛ",
            "work_order_date": "2022-02-11",
            "car": 5,
            "service_company": 1
        }
    },
    {
        "model": "maintenance.maintenance",
        "pk": 5,
        "fields": {
            "view_maintenance": 5,
            "Date_maintenance": "2022-09-01",
            "operating_hours": 2053,
            "work_order_number": "2022-99КЕ12СИЛ",
            "work_order_date": "2022-08-30",
            "car": 5,
            "service_company": 1
        }
    },
    {
        "model": "maintenance.maintenance",
        "pk": 6,
        "fields": {
            "view_maintenance": 1,
            "Date_maintenance": "2021-10-05",
            "operating_hours": 54,
            "work_order_number": "2022-97КЕ18СИЛ",
            "work_order_date": "2021-10-03",
            "car": 10,
            "service_company": 3
        }
    },
    {
        "model": "maintenance.maintenance",
        "pk": 7,
        "fields": {
            "view_maintenance": 2,
            "Date_maintenance": "2021-11-02",
            "operating_hours": 225,
            "work_order_number": "2022-54КЕ17СИЛ",
            "work_order_date": "2021-10-31",
            "car": 10,
            "service_company": 3
        }
    },
    {
        "model": "maintenance.maintenance",
        "pk": 8,
        "fields": {
            "view_maintenance": 3,
            "Date_maintenance": "2021-12-10",
            "operating_hours": 422,
            "work_order_number": "2022-97КЕ11СИЛ",
            "work_order_date": "2021-12-08",
            "car": 10,
            "service_company": 3
        }
    },
    {
        "model": "maintenance.maintenance",
        "pk": 9,
        "fields": {
            "view_maintenance": 4,
            "Date_maintenance": "2022-02-13",
            "operating_hours": 1026,
            "work_order_number": "2022-88КЕ66СИЛ",
            "work_order_date": "2022-02-11",
            "car": 10,
            "service_company": 3
        }
    },
    {
        "model": "maintenance.maintenance",
        "pk": 10,
        "fields": {
            "view_maintenance": 5,
            "Date_maintenance": "2022-09-01",
            "operating_hours": 2025,
            "work_order_number": "2022-50КЕ10СИЛ",
            "work_order_date": "2022-08-30",
            "car": 10,
            "service_company": 3
        }
    },
    {
        "model": "maintenance.maintenance",
        "pk": 11,
        "fields": {
            "view_maintenance": 1,
            "Date_maintenance": "2021-12-25",
            "operating_hours": 53,
            "work_order_number": "2022-77КЕ66СИЛ",
            "work_order_date": "2021-12-23",
            "car": 6,
            "service_company": 2
        }
    },
    {
        "model": "maintenance.maintenance",
        "pk": 12,
        "fields": {
            "view_maintenance": 2,
            "Date_maintenance": "2022-01-22",
            "operating_hours": 221,
            "work_order_number": "2022-96КЕ82СИЛ",
            "work_order_date": "2022-01-20",
            "car": 6,
            "service_company": 2
        }
    },
    {
        "model": "maintenance.maintenance",
        "pk": 13,
        "fields": {
            "view_maintenance": 3,
            "Date_maintenance": "2022-03-01",
            "operating_hours": 407,
            "work_order_number": "2022-16КЕ6СИЛ",
            "work_order_date": "2022-02-27",
            "car": 6,
            "service_company": 2
        }
    },
    {
        "model": "maintenance.maintenance",
        "pk": 14,
        "fields": {
            "view_maintenance": 4,
            "Date_maintenance": "2022-05-05",
            "operating_hours": 1011,
            "work_order_number": "2022-22КЕ87СИЛ",
            "work_order_date": "2022-05-03",
            "car": 6,
            "service_company": 4
        }
    },
    {
        "model": "maintenance.maintenance",
        "pk": 15,
        "fields": {
            "view_maintenance": 5,
            "Date_maintenance": "2022-11-21",
            "operating_hours": 2010,
            "work_order_number": "2022-78КЕ54СИЛ",
            "work_order_date": "2022-11-19",
            "car": 6,
            "service_company": 4
        }
    },
    {
        "model": "maintenance.maintenance",
        "pk": 16,
        "fields": {
            "view_maintenance": 1,
            "Date_maintenance": "2022-03-14",
            "operating_hours": 53,
            "work_order_number": "2022-70КЕ87СИЛ",
            "work_order_date": "2022-03-12",
            "car": 1,
            "service_company": 4
        }
    },
    {
        "model": "maintenance.maintenance",
        "pk": 17,
        "fields": {
            "view_maintenance": 2,
            "Date_maintenance": "2022-04-11",
            "operating_hours": 210,
            "work_order_number": "2022-16КЕ87СИЛ",
            "work_order_date": "2022-04-09",
            "car": 1,
            "service_company": 4
        }
    },
    {
        "model": "maintenance.maintenance",
        "pk": 18,
        "fields": {
            "view_maintenance": 3,
            "Date_maintenance": "2022-05-19",
            "operating_hours": 405,
            "work_order_number": "2022-77КЕ23СИЛ",
            "work_order_date": "2022-05-17",
            "car": 1,
            "service_company": 4
        }
    },
    {
        "model": "maintenance.maintenance",
        "pk": 19,
        "fields": {
            "view_maintenance": 1,
            "Date_maintenance": "2022-02-02",
            "operating_hours": 55,
            "work_order_number": "2022-6КЕ38СИЛ",
            "work_order_date": "2022-01-31",
            "car": 9,
            "service_company": 3
        }
    },
    {
        "model": "maintenance.maintenance",
        "pk": 20,
        "fields": {
            "view_maintenance": 2,
            "Date_maintenance": "2022-03-02",
            "operating_hours": 219,
            "work_order_number": "2022-38КЕ68СИЛ",
            "work_order_date": "2022-02-28",
            "car": 9,
            "service_company": 3
        }
    },
    {
        "model": "maintenance.maintenance",
        "pk": 21,
        "fields": {
            "view_maintenance": 3,
            "Date_maintenance": "2022-04-09",
            "operating_hours": 405,
            "work_order_number": "2022-34КЕ62СИЛ",
            "work_order_date": "2022-04-07",
            "car": 9,
            "service_company": 3
        }
    },
    {
        "model": "maintenance.maintenance",
        "pk": 22,
        "fields": {
            "view_maintenance": 1,
            "Date_maintenance": "2022-01-19",
            "operating_hours": 52,
            "work_order_number": "2022-27КЕ67СИЛ",
            "work_order_date": "2022-01-17",
            "car": 2,
            "service_company": 2
        }
    },
    {
        "model": "maintenance.maintenance",
        "pk": 23,
        "fields": {
            "view_maintenance": 2,
            "Date_maintenance": "2022-02-16",
            "operating_hours": 221,
            "work_order_number": "2022-5КЕ78СИЛ",
            "work_order_date": "2022-02-14",
            "car": 2,
            "service_company": 2
        }
    },
    {
        "model": "maintenance.maintenance",
        "pk": 24,
        "fields": {
            "view_maintenance": 3,
            "Date_maintenance": "2022-03-26",
            "operating_hours": 403,
            "work_order_number": "2022-42КЕ6СИЛ",
            "work_order_date": "2022-03-24",
            "car": 2,
            "service_company": 2
        }
    },
    {
        "model": "maintenance.maintenance",
        "pk": 25,
        "fields": {
            "view_maintenance": 1,
            "Date_maintenance": "2022-05-03",
            "operating_hours": 52,
            "work_order_number": "2022-21КЕ82СИЛ",
            "work_order_date": "2022-05-01",
            "car": 3,
            "service_company": 1
        }
    },
    {
        "model": "maintenance.maintenance",
        "pk": 26,
        "fields": {
            "view_maintenance": 2,
            "Date_maintenance": "2022-05-31",
            "operating_hours": 214,
            "work_order_number": "2022-31КЕ19СИЛ",
            "work_order_date": "2022-05-29",
            "car": 3,
            "service_company": 1
        }
    },
    {
        "model": "maintenance.maintenance",
        "pk": 27,
        "fields": {
            "view_maintenance": 3,
            "Date_maintenance": "2022-07-08",
            "operating_hours": 441,
            "work_order_number": "2022-84КЕ73СИЛ",
            "work_order_date": "2022-07-06",
            "car": 3,
            "service_company": 1
        }
    },
    {
        "model": "maintenance.maintenance",
        "pk": 28,
        "fields": {
            "view_maintenance": 1,
            "Date_maintenance": "2022-06-01",
            "operating_hours": 55,
            "work_order_number": "2022-10КЕ19СИЛ",
            "work_order_date": "2022-05-30",
            "car": 4,
            "service_company": 2
        }
    },
    {
        "model": "maintenance.maintenance",
        "pk": 29,
        "fields": {
            "view_maintenance": 2,
            "Date_maintenance": "2022-06-29",
            "operating_hours": 216,
            "work_order_number": "2022-92КЕ16СИЛ",
            "work_order_date": "2022-06-27",
            "car": 4,
            "service_company": 2
        }
    },
    {
        "model": "maintenance.maintenance",
        "pk": 30,
        "fields": {
            "view_maintenance": 3,
            "Date_maintenance": "2022-08-06",
            "operating_hours": 434,
            "work_order_number": "2022-55КЕ37СИЛ",
            "work_order_date": "2022-08-04",
            "car": 4,
            "service_company": 2
        }
    },
    {
        "model": "maintenance.maintenance",
        "pk": 31,
        "fields": {
            "view_maintenance": 1,
            "Date_maintenance": "2022-07-23",
            "operating_hours": 54,
            "work_order_number": "2022-72КЕ89СИЛ",
            "work_order_date": "2022-07-21",
            "car": 7,
            "service_company": 4
        }
    },
    {
        "model": "maintenance.maintenance",
        "pk": 32,
        "fields": {
            "view_maintenance": 2,
            "Date_maintenance": "2022-08-20",
            "operating_hours": 206,
            "work_order_number": "2022-26КЕ57СИЛ",
            "work_order_date": "2022-08-18",
            "car": 7,
            "service_company": 4
        }
    },
    {
        "model": "maintenance.maintenance",
        "pk": 33,
        "fields": {
            "view_maintenance": 3,
            "Date_maintenance": "2022-09-27",
            "operating_hours": 407,
            "work_order_number": "2022-54КЕ66СИЛ",
            "work_order_date": "2022-09-25",
            "car": 7,
            "service_company": 4
        }
    },
    {
        "model": "maintenance.maintenance",
        "pk": 34,
        "fields": {
            "view_maintenance": 1,
            "Date_maintenance": "2022-09-04",
            "operating_hours": 53,
            "work_order_number": "2022-58КЕ94СИЛ",
            "work_order_date": "2022-09-02",
            "car": 8,
            "service_company": 4
        }
    },
    {
        "model": "maintenance.maintenance",
        "pk": 35,
        "fields": {
            "view_maintenance": 2,
            "Date_maintenance": "2022-10-02",
            "operating_hours": 202,
            "work_order_number": "2022-98КЕ93СИЛ",
            "work_order_date": "2022-09-30",
            "car": 8,
            "service_company": 4
        }
    },
    {
        "model": "maintenance.maintenance",
        "pk": 36,
        "fields": {
            "view_maintenance": 3,
            "Date_maintenance": "2022-11-09",
            "operating_hours": 402,
            "work_order_number": "2022-82КЕ69СИЛ",
            "work_order_date": "2022-11-07",
            "car": 8,
            "service_company": 4
        }
    },
    {
        "model": "reclamation.reclamation",
        "pk": 1,
        "fields": {
            "date_of_refusal": "2021-10-26",
            "operating_hours": 142,
            "failure_node": 6,
            "description_of_failure": "разрушение подшипника",
            "recovery_method": 2,
            "parts_used": "подшипник",
            "restore_date": "2021-11-02",
            "car": 5,
            "service_company": 2
        }
    },
    {
        "model": "reclamation.reclamation",
        "pk": 2,
        "fields": {
            "date_of_refusal": "2021-10-11",
            "operating_hours": 59,
            "failure_node": 3,
            "description_of_failure": "течь масла",
            "recovery_method": 2,
            "parts_used": "прокладки",
            "restore_date": "2021-10-21",
            "car": 10,
            "service_company": 3
        }
    },
    {
        "model": "reclamation.reclamation",
        "pk": 3,
        "fields": {
            "date_of_refusal": "2021-12-31",
            "operating_hours": 61,
            "failure_node": 4,
            "description_of_failure": "разрушение верхнего ролика",
            "recovery_method": 2,
            "parts_used": "ролик",
            "restore_date": "2022-01-05",
            "car": 6,
            "service_company": 1
        }
    },
    {
        "model": "reclamation.reclamation",
        "pk": 4,
        "fields": {
            "date_of_refusal": "2022-04-01",
            "operating_hours": 123,
            "failure_node": 3,
            "description_of_failure": "повышенный шум",
            "recovery_method": 2,
            "parts_used": "прокладки, прочие материалы",
            "restore_date": "2022-04-08",
            "car": 1,
            "service_company": 1
        }
    },
    {
        "model": "reclamation.reclamation",
        "pk": 5,
        "fields": {
            "date_of_refusal": "2022-04-02",
            "operating_hours": 129,
            "failure_node": 5,
            "description_of_failure": "проскальзывание",
            "recovery_method": 2,
            "parts_used": "шестерня ведущая",
            "restore_date": "2022-04-07",
            "car": 1,
            "service_company": 1
        }
    },
    {
        "model": "reclamation.reclamation",
        "pk": 6,
        "fields": {
            "date_of_refusal": "2022-03-30",
            "operating_hours": 112,
            "failure_node": 5,
            "description_of_failure": "блокировка колес",
            "recovery_method": 1,
            "parts_used": "",
            "restore_date": "2022-03-31",
            "car": 1,
            "service_company": 1
        }
    },
    {
        "model": "reclamation.reclamation",
        "pk": 7,
        "fields": {
            "date_of_refusal": "2022-02-01",
            "operating_hours": 22,
            "failure_node": 3,
            "description_of_failure": "не заводится",
            "recovery_method": 1,
            "parts_used": "",
            "restore_date": "2022-02-10",
            "car": 9,
            "service_company": 3
        }
    },
    {
        "model": "reclamation.reclamation",
        "pk": 8,
        "fields": {
            "date_of_refusal": "2022-02-06",
            "operating_hours": 123,
            "failure_node": 1,
            "description_of_failure": "блокировка колес",
            "recovery_method": 2,
            "parts_used": "колесо",
            "restore_date": "2022-02-11",
            "car": 2,
            "service_company": 2
        }
    },
    {
        "model": "reclamation.reclamation",
        "pk": 9,
        "fields": {
            "date_of_refusal": "2022-05-05",
            "operating_hours": 38,
            "failure_node": 6,
            "description_of_failure": "разрушение подшипника",
            "recovery_method": 2,
            "parts_used": "подшипник",
            "restore_date": "2022-05-07",
            "car": 3,
            "service_company": 1
        }
    },
    {
        "model": "reclamation.reclamation",
        "pk": 10,
        "fields": {
            "date_of_refusal": "2022-06-17",
            "operating_hours": 112,
            "failure_node": 6,
            "description_of_failure": "разрушение подшипника",
            "recovery_method": 2,
            "parts_used": "подшипник",
            "restore_date": "2022-06-25",
            "car": 4,
            "service_company": 1
        }
    },
    {
        "model": "reclamation.reclamation",
        "pk": 11,
        "fields": {
            "date_of_refusal": "2022-07-28",
            "operating_hours": 56,
            "failure_node": 3,
            "description_of_failure": "течь масла",
            "recovery_method": 2,
            "parts_used": "прокладки",
            "restore_date": "2022-08-01",
            "car": 7,
            "service_company": 1
        }
    },
    {
        "model": "reclamation.reclamation",
        "pk": 12,
        "fields": {
            "date_of_refusal": "2022-09-07",
            "operating_hours": 47,
            "failure_node": 2,
            "description_of_failure": "течь масла",
            "recovery_method": 2,
            "parts_used": "прокладки",
            "restore_date": "2022-09-09",
            "car": 8,
            "service_company": 1
        }
    },
    {
        "model": "deskbook.servicecompany",
        "pk": 1,
        "fields": {
            "name": "ООО Промышленная техника",
            "description": "Описание сервисной компании"
        }
    },
    {
        "model": "deskbook.servicecompany",
        "pk": 2,
        "fields": {
            "name": "ООО Силант",
            "description": "Описание сервисной компании"
        }
    },
    {
        "model": "deskbook.servicecompany",
        "pk": 3,
        "fields": {
            "name": "ООО ФНС",
            "description": "Описание сервисной компании"
        }
    },
    {
        "model": "deskbook.servicecompany",
        "pk": 4,
        "fields": {
            "name": "самостоятельно",
            "description": "Описание сервисной компании"
        }
    },
    {
        "model": "deskbook.vehiclemodel",
        "pk": 1,
        "fields": {
            "name": "ПГ1,5",
            "description": "Описание модели погрузчика"
        }
    },
    {
        "model": "deskbook.vehiclemodel",
        "pk": 2,
        "fields": {
            "name": "ПД1,5",
            "description": "Описание модели погрузчика"
        }
    },
    {
        "model": "deskbook.vehiclemodel",
        "pk": 3,
        "fields": {
            "name": "ПД2,0",
            "description": "Описание модели погрузчика"
        }
    },
    {
        "model": "deskbook.vehiclemodel",
        "pk": 4,
        "fields": {
            "name": "ПД2,5",
            "description": "Описание модели погрузчика"
        }
    },
    {
        "model": "deskbook.vehiclemodel",
        "pk": 5,
        "fields": {
            "name": "ПД3,0",
            "description": "Описание модели погрузчика"
        }
    },
    {
        "model": "deskbook.vehiclemodel",
        "pk": 6,
        "fields": {
            "name": "ПД5,0",
            "description": "Описание модели погрузчика"
        }
    },
    {
        "model": "deskbook.enginemodel",
        "pk": 1,
        "fields": {
            "name": "Kubota D1803",
            "description": "Описание двигателя"
        }
    },
    {
        "model": "deskbook.enginemodel",
        "pk": 2,
        "fields": {
            "name": "Kubota V3300",
            "description": "Описание двигателя"
        }
    },
    {
        "model": "deskbook.enginemodel",
        "pk": 3,
        "fields": {
            "name": "MMZ-4D",
            "description": "Описание двигателя"
        }
    },
    {
        "model": "deskbook.enginemodel",
        "pk": 4,
        "fields": {
            "name": "Nissan K21",
            "description": "Описание двигателя"
        }
    },
    {
        "model": "deskbook.enginemodel",
        "pk": 5,
        "fields": {
            "name": "ММЗ Д-243",
            "description": "Описание двигателя"
        }
    },
    {
        "model": "deskbook.transmissionmodel",
        "pk": 1,
        "fields": {
            "name": "10VA-00105",
            "description": "Описание модели трансмиссии"
        }
    },
    {
        "model": "deskbook.transmissionmodel",
        "pk": 2,
        "fields": {
            "name": "10VB-00106",
            "description": "Описание модели трансмиссии"
        }
    },
    {
        "model": "deskbook.transmissionmodel",
        "pk": 3,
        "fields": {
            "name": "HF30-VP010",
            "description": "Описание модели трансмиссии"
        }
    },
    {
        "model": "deskbook.transmissionmodel",
        "pk": 4,
        "fields": {
            "name": "HF50-VP020",
            "description": "Описание модели трансмиссии"
        }
    },
    {
        "model": "deskbook.driveaxle",
        "pk": 1,
        "fields": {
            "name": "20VA-00101",
            "description": "Описание ведущего моста"
        }
    },
    {
        "model": "deskbook.driveaxle",
        "pk": 2,
        "fields": {
            "name": "20VB-00102",
            "description": "Описание ведущего моста"
        }
    },
    {
        "model": "deskbook.driveaxle",
        "pk": 3,
        "fields": {
            "name": "HA30-02020",
            "description": "Описание ведущего моста"
        }
    },
    {
        "model": "deskbook.driveaxle",
        "pk": 4,
        "fields": {
            "name": "HA50-VP010",
            "description": "Описание ведущего моста"
        }
    },
    {
        "model": "deskbook.steeringaxle",
        "pk": 1,
        "fields": {
            "name": "B350655A",
            "description": "описание модели управляемого моста"
        }
    },
    {
        "model": "deskbook.steeringaxle",
        "pk": 2,
        "fields": {
            "name": "VS20-00001",
            "description": "описание модели управляемого моста"
        }
    },
    {
        "model": "deskbook.steeringaxle",
        "pk": 3,
        "fields": {
            "name": "VS30-00001",
            "description": "описание модели управляемого моста"
        }
    },
    {
        "model": "deskbook.failurenode",
        "pk": 1,
        "fields": {
            "name": "Ведущий мост",
            "description": "Описание узла отказа"
        }
    },
    {
        "model": "deskbook.failurenode",
        "pk": 2,
        "fields": {
            "name": "Гидросистема",
            "description": "Описание узла отказа"
        }
    },
    {
        "model": "deskbook.failurenode",
        "pk": 3,
        "fields": {
            "name": "Двигатель",
            "description": "Описание узла отказа"
        }
    },
    {
        "model": "deskbook.failurenode",
        "pk": 4,
        "fields": {
            "name": "Подъёмное устройство",
            "description": "Описание узла отказа"
        }
    },
    {
        "model": "deskbook.failurenode",
        "pk": 5,
        "fields": {
            "name": "Трансмиссия",
            "description": "Описание узла отказа"
        }
    },
    {
        "model": "deskbook.failurenode",
        "pk": 6,
        "fields": {
            "name": "Управляемый мост",
            "description": "Описание узла отказа"
        }
    },
    {
        "model": "deskbook.recoverymethod",
        "pk": 1,
        "fields": {
            "name": "Замена узла",
            "description": "Описание способа восстановления"
        }
    },
    {
        "model": "deskbook.recoverymethod",
        "pk": 2,
        "fields": {
            "name": "Ремонт узла",
            "description": "Описание способа восстановления"
        }
    },
    {
        "model": "deskbook.viewmaintenance",
        "pk": 1,
        "fields": {
            "name": "ТО-0 (50 м/час)",
            "description": "описание ТО"
        }
    },
    {
        "model": "deskbook.viewmaintenance",
        "pk": 2,
        "fields": {
            "name": "ТО-1 (200 м/час)",
            "description": "описание ТО"
        }
    },
    {
        "model": "deskbook.viewmaintenance",
        "pk": 3,
        "fields": {
            "name": "ТО-2 (400 м/час)",
            "description": "описание ТО"
        }
    },
    {
        "model": "deskbook.viewmaintenance",
        "pk": 4,
        "fields": {
            "name": "ТО-4 (1000м/час)",
            "description": "описание ТО"
        }
    },
    {
        "model": "deskbook.viewmaintenance",
        "pk": 5,
        "fields": {
            "name": "ТО-5 (2000м/час)",
            "description": "описание ТО"
        }
    },
    {
        "model": "users.user",
        "pk": 2,
        "fields": {
            "password": "pbkdf2_sha256$600000$eO9R9Xufjzl3HBrO5ekfLP$rbqGn0pHilvH+BsaM6rvtAF+SsK0VfD3dzVbG8Ec++w=",
            "last_login": "2024-02-17T14:22:50.929Z",
            "is_superuser": true,
            "username": "admin",
            "first_name": "",
            "last_name": "",
            "email": "",
            "is_staff": true,
            "is_active": true,
            "date_joined": "2024-02-16T11:17:05.531Z",
            "company": null,
            "user_role": "AD",
            "service_company": null,
            "groups": [],
            "user_permissions": []
        }
    },
    {
        "model": "users.user",
        "pk": 4,
        "fields": {
            "password": "pbkdf2_sha256$600000$LjXpnmTjDI8wqyhQdUOKX7$8J9c1hTkMJkRgCmDUJ14prSh4Sc8XGjeQmVCek+3mlg=",
            "last_login": null,
            "is_superuser": false,
            "username": "Trudnikov",
            "first_name": "",
            "last_name": "",
            "email": "",
            "is_staff": false,
            "is_active": true,
            "date_joined": "2024-02-16T14:50:19.069Z",
            "company": "ИП Трудников С.В.",
            "user_role": "CL",
            "service_company": null,
            "groups": [
                2
            ],
            "user_permissions": []
        }
    },
    {
        "model": "users.user",
        "pk": 5,
        "fields": {
            "password": "pbkdf2_sha256$600000$IPkbOJADbWaMLT6azQM2Bt$nzbHnVJt5jQl8HuGlLOz41wNa61m5dS6J08JeUNl8v0=",
            "last_login": null,
            "is_superuser": false,
            "username": "MNS77",
            "first_name": "",
            "last_name": "",
            "email": "",
            "is_staff": false,
            "is_active": true,
            "date_joined": "2024-02-16T14:51:18.139Z",
            "company": "ООО МНС77",
            "user_role": "CL",
            "service_company": null,
            "groups": [
                2
            ],
            "user_permissions": []
        }
    },
    {
        "model": "users.user",
        "pk": 6,
        "fields": {
            "password": "pbkdf2_sha256$600000$85k8AItQpWRjDqLOEcJ80l$jg3Xb+0+EptxrveQxCwvC5RrazQ63SGL8wbWqvqtC3k=",
            "last_login": null,
            "is_superuser": false,
            "username": "RLPH",
            "first_name": "",
            "last_name": "",
            "email": "",
            "is_staff": false,
            "is_active": true,
            "date_joined": "2024-02-16T14:52:36.400Z",
            "company": "ООО \"Ранский ЛПХ\"",
            "user_role": "CL",
            "service_company": null,
            "groups": [
                2
            ],
            "user_permissions": []
        }
    },
    {
        "model": "users.user",
        "pk": 7,
        "fields": {
            "password": "pbkdf2_sha256$600000$zTd8sizOQwjzr1KccSa31H$JfoHSc9Nfq4YuAR+Oi/y+OV7hGYmqkkE8sQwy5qUBdI=",
            "last_login": null,
            "is_superuser": false,
            "username": "RMK",
            "first_name": "",
            "last_name": "",
            "email": "",
            "is_staff": false,
            "is_active": true,
            "date_joined": "2024-02-16T14:54:39.895Z",
            "company": "ООО \"РМК\"",
            "user_role": "CL",
            "service_company": null,
            "groups": [
                2
            ],
            "user_permissions": []
        }
    },
    {
        "model": "users.user",
        "pk": 8,
        "fields": {
            "password": "pbkdf2_sha256$600000$2ZpYkfWkJs24wjm2V7zY55$upk+q+WHEB5Ydw7yWDaQt8Ez7u/ybclPZc4LdJGZvBI=",
            "last_login": null,
            "is_superuser": false,
            "username": "Zander",
            "first_name": "",
            "last_name": "",
            "email": "",
            "is_staff": false,
            "is_active": true,
            "date_joined": "2024-02-16T14:57:10.950Z",
            "company": "АО Зандер",
            "user_role": "CL",
            "service_company": null,
            "groups": [
                2
            ],
            "user_permissions": []
        }
    },
    {
        "model": "users.user",
        "pk": 9,
        "fields": {
            "password": "pbkdf2_sha256$600000$cbvhXK26ZJUmGrZ9uxNCfx$S0WPN5EU8IRrjmiEgNfClq0QE9PbDdLt0dljhNFE9cs=",
            "last_login": "2024-02-17T13:35:34.982Z",
            "is_superuser": false,
            "username": "FPK21",
            "first_name": "",
            "last_name": "",
            "email": "",
            "is_staff": false,
            "is_active": true,
            "date_joined": "2024-02-16T14:57:55.210Z",
            "company": "ООО \"ФПК21\"",
            "user_role": "CL",
            "service_company": null,
            "groups": [
                2
            ],
            "user_permissions": []
        }
    },
    {
        "model": "users.user",
        "pk": 10,
        "fields": {
            "password": "pbkdf2_sha256$600000$UlEcRj1xg6CTR2slWIZRXF$SsrWH/hyIjHOI+CD9etvFHw7VPyyMgfXmJAbrdIGdfU=",
            "last_login": null,
            "is_superuser": false,
            "username": "Komplekt-Postavka",
            "first_name": "",
            "last_name": "",
            "email": "",
            "is_staff": false,
            "is_active": true,
            "date_joined": "2024-02-16T14:58:53.538Z",
            "company": "ООО \"Комплект-Поставка\"",
            "user_role": "CL",
            "service_company": null,
            "groups": [
                2
            ],
            "user_permissions": []
        }
    },
    {
        "model": "users.user",
        "pk": 11,
        "fields": {
            "password": "pbkdf2_sha256$600000$b8YvoLwst6RHMLpwd3v3JR$6sgm3NWeeOlcSdRXHm5bOU7OfaUWm9RueRHiDUp5eik=",
            "last_login": null,
            "is_superuser": false,
            "username": "PromTech",
            "first_name": "",
            "last_name": "",
            "email": "",
            "is_staff": false,
            "is_active": true,
            "date_joined": "2024-02-16T15:07:59.490Z",
            "company": "ООО Промышленная техника",
            "user_role": "SE",
            "service_company": 1,
            "groups": [
                1
            ],
            "user_permissions": []
        }
    },
    {
        "model": "users.user",
        "pk": 12,
        "fields": {
            "password": "pbkdf2_sha256$600000$nUAgWktTZmP0exl95wRR0l$D1qj+E8pfm/kD5sqvwYLXFQMkgW9c+rb6svBJpczP5k=",
            "last_login": null,
            "is_superuser": false,
            "username": "Silant",
            "first_name": "",
            "last_name": "",
            "email": "",
            "is_staff": false,
            "is_active": true,
            "date_joined": "2024-02-16T15:09:28.393Z",
            "company": "ООО Силант",
            "user_role": "SE",
            "service_company": 2,
            "groups": [
                1
            ],
            "user_permissions": []
        }
    },
    {
        "model": "users.user",
        "pk": 13,
        "fields": {
            "password": "pbkdf2_sha256$600000$sasYWeZjxGbKhMeuUK7rVS$JP6OtIb+xSRR3/4mhU9GCuuHLtx455EiG319OkQ+CnQ=",
            "last_login": null,
            "is_superuser": false,
            "username": "FNS",
            "first_name": "",
            "last_name": "",
            "email": "",
            "is_staff": false,
            "is_active": true,
            "date_joined": "2024-02-16T15:10:22.636Z",
            "company": "ООО ФНС",
            "user_role": "SE",
            "service_company": 3,
            "groups": [
                1
            ],
            "user_permissions": []
        }
    },
    {
        "model": "users.user",
        "pk": 15,
        "fields": {
            "password": "pbkdf2_sha256$600000$cM7KSPIRM4yrDQ4EmPgpzT$8X7BP12wWgY9QNgTqwydFG2Ku/cvdlUCWqiCSae25dY=",
            "last_login": null,
            "is_superuser": false,
            "username": "Manager1",
            "first_name": "",
            "last_name": "",
            "email": "",
            "is_staff": false,
            "is_active": true,
            "date_joined": "2024-02-16T15:14:09.648Z",
            "company": "ООО Силант",
            "user_role": "MG",
            "service_company": null,
            "groups": [
                3
            ],
            "user_permissions": []
        }
    },
    {
        "model": "users.user",
        "pk": 16,
        "fields": {
            "password": "pbkdf2_sha256$600000$yQuqjdPZDZOwSqW6OfWYYE$q4jI5rexZzWu4OcJFVcxHVj8sGPAXRb6jNyp/Ae6iq0=",
            "last_login": null,
            "is_superuser": false,
            "username": "Admin1",
            "first_name": "",
            "last_name": "",
            "email": "",
            "is_staff": true,
            "is_active": true,
            "date_joined": "2024-02-16T15:14:51.077Z",
            "company": "ООО Силант",
            "user_role": "AD",
            "service_company": null,
            "groups": [
                4
            ],
            "user_permissions": []
        }
    }
]