[
    {
        "model": "cars.servicecompany",
        "pk": 1,
        "fields": {
            "name": "ООО Промышленная техника",
            "description": ""
        }
    },
    {
        "model": "cars.servicecompany",
        "pk": 2,
        "fields": {
            "name": "ООО Силант",
            "description": ""
        }
    },
    {
        "model": "cars.servicecompany",
        "pk": 3,
        "fields": {
            "name": "ООО ФНС",
            "description": ""
        }
    },
    {
        "model": "cars.servicecompany",
        "pk": 4,
        "fields": {
            "name": "самостоятельно",
            "description": ""
        }
    },
    {
        "model": "cars.cars",
        "pk": 1,
        "fields": {
            "serial_number_vehicle": "0017",
            "vehicle_model": 1,
            "engine_model": 1,
            "serial_number_of_the_engine": "7ML1035",
            "transmission_model": 1,
            "serial_number_of_the_transmission": "21D0108251",
            "drive_axle_model": 1,
            "drive_axle_serial_number": "21D0107997",
            "steering_axle_model": 2,
            "serial_number_of_the_steered_axle": "21D0093265",
            "supply_contract": null,
            "date_shipped_from_factory": "2022-03-09",
            "consignee": "ИП Трудников С.В.",
            "delivery_address": "п. Знаменский,  Респ. Марий Эл",
            "equipment": "1. Гидролинии с БРС;\r\n2. Дополнительеная установка кабины",
            "client": "ИП Трудников С.В.",
            "service_company": 1
        }
    },
    {
        "model": "cars.cars",
        "pk": 2,
        "fields": {
            "serial_number_vehicle": "0021",
            "vehicle_model": 6,
            "engine_model": 5,
            "serial_number_of_the_engine": "112890",
            "transmission_model": 4,
            "serial_number_of_the_transmission": "20H0066",
            "drive_axle_model": 4,
            "drive_axle_serial_number": "20H0039",
            "steering_axle_model": 1,
            "serial_number_of_the_steered_axle": "KDBAC9685",
            "supply_contract": null,
            "date_shipped_from_factory": "2022-01-14",
            "consignee": "ООО \"ДЭТ №13\"",
            "delivery_address": "с. Акуловка, Московская обл.",
            "equipment": "Стандарт",
            "client": "ООО \"ФПК21\"",
            "service_company": 2
        }
    },
    {
        "model": "cars.cars",
        "pk": 3,
        "fields": {
            "serial_number_vehicle": "0027",
            "vehicle_model": 6,
            "engine_model": 5,
            "serial_number_of_the_engine": "167733",
            "transmission_model": 4,
            "serial_number_of_the_transmission": "20H0070",
            "drive_axle_model": 4,
            "drive_axle_serial_number": "20H0049",
            "steering_axle_model": 1,
            "serial_number_of_the_steered_axle": "KDBAH6583",
            "supply_contract": null,
            "date_shipped_from_factory": "2022-04-28",
            "consignee": "ООО \"Мосгоррест\"",
            "delivery_address": "г. Санкт-Петербург",
            "equipment": "1. Кабина с отопителем",
            "client": "ООО \"МНС77\"",
            "service_company": 1
        }
    },
    {
        "model": "cars.cars",
        "pk": 4,
        "fields": {
            "serial_number_vehicle": "0032",
            "vehicle_model": 5,
            "engine_model": 2,
            "serial_number_of_the_engine": "2MU2983",
            "transmission_model": 2,
            "serial_number_of_the_transmission": "21K0116785",
            "drive_axle_model": 2,
            "drive_axle_serial_number": "21K0115910",
            "steering_axle_model": 3,
            "serial_number_of_the_steered_axle": "00070422",
            "supply_contract": null,
            "date_shipped_from_factory": "2022-05-27",
            "consignee": "ФРП России",
            "delivery_address": "г. Челябинск, в/ч",
            "equipment": "1. Кабина с отопителем;\r\n2. Медицинская аптечка;\r\n3. Проблесковый маячок;\r\n4. Знак аварийной остановки;\r\n5. Огнетушитель порошковый 5п;",
            "client": "ООО \"ФПК21\"",
            "service_company": 1
        }
    },
    {
        "model": "cars.cars",
        "pk": 5,
        "fields": {
            "serial_number_vehicle": "0003",
            "vehicle_model": 5,
            "engine_model": 2,
            "serial_number_of_the_engine": "2ME0639",
            "transmission_model": 2,
            "serial_number_of_the_transmission": "21D0108264",
            "drive_axle_model": 2,
            "drive_axle_serial_number": "21D0107988",
            "steering_axle_model": 3,
            "serial_number_of_the_steered_axle": "0821004",
            "supply_contract": null,
            "date_shipped_from_factory": "2021-09-30",
            "consignee": "ООО \"Ранский ЛПХ\"",
            "delivery_address": "п. Опарино, Кировская обл.",
            "equipment": "Стандарт",
            "client": "ООО \"Ранский ЛПХ\"",
            "service_company": 2
        }
    },
    {
        "model": "cars.cars",
        "pk": 6,
        "fields": {
            "serial_number_vehicle": "0016",
            "vehicle_model": 1,
            "engine_model": 4,
            "serial_number_of_the_engine": "049827",
            "transmission_model": 1,
            "serial_number_of_the_transmission": "21D0108256",
            "drive_axle_model": 1,
            "drive_axle_serial_number": "21D0108000",
            "steering_axle_model": 2,
            "serial_number_of_the_steered_axle": "21D0093244",
            "supply_contract": null,
            "date_shipped_from_factory": "2021-12-20",
            "consignee": "ООО \"ГП СПБ\"",
            "delivery_address": "г. Санкт-Петербург",
            "equipment": "1. Кабина с отопителем;\r\n2. Каретка смещения + гидролинии;",
            "client": "ООО \"Комплект-Поставка\"",
            "service_company": 1
        }
    },
    {
        "model": "cars.cars",
        "pk": 7,
        "fields": {
            "serial_number_vehicle": "0039",
            "vehicle_model": 3,
            "engine_model": 3,
            "serial_number_of_the_engine": "000015",
            "transmission_model": 3,
            "serial_number_of_the_transmission": "22B0001",
            "drive_axle_model": 3,
            "drive_axle_serial_number": "22B3364",
            "steering_axle_model": 2,
            "serial_number_of_the_steered_axle": "00010622",
            "supply_contract": null,
            "date_shipped_from_factory": "2022-07-18",
            "consignee": "ФСН России",
            "delivery_address": "г. Москва",
            "equipment": "1. Высота подъёма вил - 4 500мм;\r\n2. Кабина с отопителем;\r\n3. Шины суперэластик;\r\n4. Прибор комбинированный КД8235;",
            "client": "ООО \"РМК\"",
            "service_company": 1
        }
    },
    {
        "model": "cars.cars",
        "pk": 8,
        "fields": {
            "serial_number_vehicle": "0045",
            "vehicle_model": 4,
            "engine_model": 3,
            "serial_number_of_the_engine": "000003",
            "transmission_model": 3,
            "serial_number_of_the_transmission": "22B0008",
            "drive_axle_model": 3,
            "drive_axle_serial_number": "22B3370",
            "steering_axle_model": 2,
            "serial_number_of_the_steered_axle": "00200622",
            "supply_contract": null,
            "date_shipped_from_factory": "2022-08-30",
            "consignee": "АО Зандер",
            "delivery_address": "г. Краснодар",
            "equipment": "1. Кабина с отопителем;\r\n2. Каретка бокового смещения 1050мм;\r\n3. Блокировка реверса хода;\r\n4. Высота подъёма вил - 4800мм;\r\n5. Прибор комбинированный КД8235;",
            "client": "АО \"Зандер\"",
            "service_company": 1
        }
    },
    {
        "model": "cars.cars",
        "pk": 9,
        "fields": {
            "serial_number_vehicle": "0019",
            "vehicle_model": 6,
            "engine_model": 5,
            "serial_number_of_the_engine": "112893",
            "transmission_model": 4,
            "serial_number_of_the_transmission": "20H0069",
            "drive_axle_model": 4,
            "drive_axle_serial_number": "20H0041",
            "steering_axle_model": 1,
            "serial_number_of_the_steered_axle": "KDBAC9687",
            "supply_contract": null,
            "date_shipped_from_factory": "2022-01-28",
            "consignee": "АО \"Т-Минус\"",
            "delivery_address": "г. Первоуральск,  Свердловской обл.",
            "equipment": "1. Высота подъёма вил - 4 500мм;\r\n2. Центральный цилиндр подъёма ;\r\n3. Кабина с отопителем;\r\n4. Стрела безблочная Г-образная;",
            "client": "ООО \"ФПК21\"",
            "service_company": 3
        }
    },
    {
        "model": "cars.cars",
        "pk": 10,
        "fields": {
            "serial_number_vehicle": "0008",
            "vehicle_model": 5,
            "engine_model": 2,
            "serial_number_of_the_engine": "2ME0753",
            "transmission_model": 2,
            "serial_number_of_the_transmission": "21D0108269",
            "drive_axle_model": 2,
            "drive_axle_serial_number": "21D0108011",
            "steering_axle_model": 3,
            "serial_number_of_the_steered_axle": "0821005",
            "supply_contract": null,
            "date_shipped_from_factory": "2021-09-30",
            "consignee": "ООО \"ГП Краснодар\"",
            "delivery_address": "г. Краснодар",
            "equipment": "1. Кабина с отопителем;",
            "client": "ООО \"Комплект-Поставка\"",
            "service_company": 3
        }
    },
    {
        "model": "maintenance.maintenance",
        "pk": 1,
        "fields": {
            "view_maintenance": 1,
            "Date_maintenance": "2021-10-05",
            "operating_hours": 55,
            "work_order_number": "2022-32КЕ5СИЛ",
            "work_order_date": "2021-10-03",
            "car": 5,
            "service_company": 1
        }
    },
    {
        "model": "maintenance.maintenance",
        "pk": 2,
        "fields": {
            "view_maintenance": 2,
            "Date_maintenance": "2021-11-02",
            "operating_hours": 220,
            "work_order_number": "2022-81КЕ66СИЛ",
            "work_order_date": "2021-10-31",
            "car": 5,
            "service_company": 1
        }
    },
    {
        "model": "maintenance.maintenance",
        "pk": 3,
        "fields": {
            "view_maintenance": 3,
            "Date_maintenance": "2021-12-10",
            "operating_hours": 450,
            "work_order_number": "2022-72КЕ68СИЛ",
            "work_order_date": "2021-12-08",
            "car": 5,
            "service_company": 1
        }
    },
    {
        "model": "maintenance.maintenance",
        "pk": 4,
        "fields": {
            "view_maintenance": 4,
            "Date_maintenance": "2022-02-13",
            "operating_hours": 1054,
            "work_order_number": "2022-56КЕ54СИЛ",
            "work_order_date": "2022-02-11",
            "car": 5,
            "service_company": 1
        }
    },
    {
        "model": "maintenance.maintenance",
        "pk": 5,
        "fields": {
            "view_maintenance": 5,
            "Date_maintenance": "2022-09-01",
            "operating_hours": 2053,
            "work_order_number": "2022-99КЕ12СИЛ",
            "work_order_date": "2022-08-30",
            "car": 5,
            "service_company": 1
        }
    },
    {
        "model": "maintenance.maintenance",
        "pk": 6,
        "fields": {
            "view_maintenance": 1,
            "Date_maintenance": "2021-10-05",
            "operating_hours": 54,
            "work_order_number": "2022-97КЕ18СИЛ",
            "work_order_date": "2021-10-03",
            "car": 10,
            "service_company": 3
        }
    },
    {
        "model": "maintenance.maintenance",
        "pk": 7,
        "fields": {
            "view_maintenance": 2,
            "Date_maintenance": "2021-11-02",
            "operating_hours": 225,
            "work_order_number": "2022-54КЕ17СИЛ",
            "work_order_date": "2021-10-31",
            "car": 10,
            "service_company": 3
        }
    },
    {
        "model": "maintenance.maintenance",
        "pk": 8,
        "fields": {
            "view_maintenance": 3,
            "Date_maintenance": "2021-12-10",
            "operating_hours": 422,
            "work_order_number": "2022-97КЕ11СИЛ",
            "work_order_date": "2021-12-08",
            "car": 10,
            "service_company": 3
        }
    },
    {
        "model": "maintenance.maintenance",
        "pk": 9,
        "fields": {
            "view_maintenance": 4,
            "Date_maintenance": "2022-02-13",
            "operating_hours": 1026,
            "work_order_number": "2022-88КЕ66СИЛ",
            "work_order_date": "2022-02-11",
            "car": 10,
            "service_company": 3
        }
    },
    {
        "model": "maintenance.maintenance",
        "pk": 10,
        "fields": {
            "view_maintenance": 5,
            "Date_maintenance": "2022-09-01",
            "operating_hours": 2025,
            "work_order_number": "2022-50КЕ10СИЛ",
            "work_order_date": "2022-08-30",
            "car": 10,
            "service_company": 3
        }
    },
    {
        "model": "maintenance.maintenance",
        "pk": 11,
        "fields": {
            "view_maintenance": 1,
            "Date_maintenance": "2021-12-25",
            "operating_hours": 53,
            "work_order_number": "2022-77КЕ66СИЛ",
            "work_order_date": "2021-12-23",
            "car": 6,
            "service_company": 2
        }
    },
    {
        "model": "maintenance.maintenance",
        "pk": 12,
        "fields": {
            "view_maintenance": 2,
            "Date_maintenance": "2022-01-22",
            "operating_hours": 221,
            "work_order_number": "2022-96КЕ82СИЛ",
            "work_order_date": "2022-01-20",
            "car": 6,
            "service_company": 2
        }
    },
    {
        "model": "maintenance.maintenance",
        "pk": 13,
        "fields": {
            "view_maintenance": 3,
            "Date_maintenance": "2022-03-01",
            "operating_hours": 407,
            "work_order_number": "2022-16КЕ6СИЛ",
            "work_order_date": "2022-02-27",
            "car": 6,
            "service_company": 2
        }
    },
    {
        "model": "maintenance.maintenance",
        "pk": 14,
        "fields": {
            "view_maintenance": 4,
            "Date_maintenance": "2022-05-05",
            "operating_hours": 1011,
            "work_order_number": "2022-22КЕ87СИЛ",
            "work_order_date": "2022-05-03",
            "car": 6,
            "service_company": 4
        }
    },
    {
        "model": "maintenance.maintenance",
        "pk": 15,
        "fields": {
            "view_maintenance": 5,
            "Date_maintenance": "2022-11-21",
            "operating_hours": 2010,
            "work_order_number": "2022-78КЕ54СИЛ",
            "work_order_date": "2022-11-19",
            "car": 6,
            "service_company": 4
        }
    },
    {
        "model": "maintenance.maintenance",
        "pk": 16,
        "fields": {
            "view_maintenance": 1,
            "Date_maintenance": "2022-03-14",
            "operating_hours": 53,
            "work_order_number": "2022-70КЕ87СИЛ",
            "work_order_date": "2022-03-12",
            "car": 1,
            "service_company": 4
        }
    },
    {
        "model": "maintenance.maintenance",
        "pk": 17,
        "fields": {
            "view_maintenance": 2,
            "Date_maintenance": "2022-04-11",
            "operating_hours": 210,
            "work_order_number": "2022-16КЕ87СИЛ",
            "work_order_date": "2022-04-09",
            "car": 1,
            "service_company": 4
        }
    },
    {
        "model": "maintenance.maintenance",
        "pk": 18,
        "fields": {
            "view_maintenance": 3,
            "Date_maintenance": "2022-05-19",
            "operating_hours": 405,
            "work_order_number": "2022-77КЕ23СИЛ",
            "work_order_date": "2022-05-17",
            "car": 1,
            "service_company": 4
        }
    },
    {
        "model": "maintenance.maintenance",
        "pk": 19,
        "fields": {
            "view_maintenance": 1,
            "Date_maintenance": "2022-02-02",
            "operating_hours": 55,
            "work_order_number": "2022-6КЕ38СИЛ",
            "work_order_date": "2022-01-31",
            "car": 9,
            "service_company": 3
        }
    },
    {
        "model": "maintenance.maintenance",
        "pk": 20,
        "fields": {
            "view_maintenance": 2,
            "Date_maintenance": "2022-03-02",
            "operating_hours": 219,
            "work_order_number": "2022-38КЕ68СИЛ",
            "work_order_date": "2022-02-28",
            "car": 9,
            "service_company": 3
        }
    },
    {
        "model": "maintenance.maintenance",
        "pk": 21,
        "fields": {
            "view_maintenance": 3,
            "Date_maintenance": "2022-04-09",
            "operating_hours": 405,
            "work_order_number": "2022-34КЕ62СИЛ",
            "work_order_date": "2022-04-07",
            "car": 9,
            "service_company": 3
        }
    },
    {
        "model": "maintenance.maintenance",
        "pk": 22,
        "fields": {
            "view_maintenance": 1,
            "Date_maintenance": "2022-01-19",
            "operating_hours": 52,
            "work_order_number": "2022-27КЕ67СИЛ",
            "work_order_date": "2022-01-17",
            "car": 2,
            "service_company": 2
        }
    },
    {
        "model": "maintenance.maintenance",
        "pk": 23,
        "fields": {
            "view_maintenance": 2,
            "Date_maintenance": "2022-02-16",
            "operating_hours": 221,
            "work_order_number": "2022-5КЕ78СИЛ",
            "work_order_date": "2022-02-14",
            "car": 2,
            "service_company": 2
        }
    },
    {
        "model": "maintenance.maintenance",
        "pk": 24,
        "fields": {
            "view_maintenance": 3,
            "Date_maintenance": "2022-03-26",
            "operating_hours": 403,
            "work_order_number": "2022-42КЕ6СИЛ",
            "work_order_date": "2022-03-24",
            "car": 2,
            "service_company": 2
        }
    },
    {
        "model": "maintenance.maintenance",
        "pk": 25,
        "fields": {
            "view_maintenance": 1,
            "Date_maintenance": "2022-05-03",
            "operating_hours": 52,
            "work_order_number": "2022-21КЕ82СИЛ",
            "work_order_date": "2022-05-01",
            "car": 3,
            "service_company": 1
        }
    },
    {
        "model": "maintenance.maintenance",
        "pk": 26,
        "fields": {
            "view_maintenance": 2,
            "Date_maintenance": "2022-05-31",
            "operating_hours": 214,
            "work_order_number": "2022-31КЕ19СИЛ",
            "work_order_date": "2022-05-29",
            "car": 3,
            "service_company": 1
        }
    },
    {
        "model": "maintenance.maintenance",
        "pk": 27,
        "fields": {
            "view_maintenance": 3,
            "Date_maintenance": "2022-07-08",
            "operating_hours": 441,
            "work_order_number": "2022-84КЕ73СИЛ",
            "work_order_date": "2022-07-06",
            "car": 3,
            "service_company": 1
        }
    },
    {
        "model": "maintenance.maintenance",
        "pk": 28,
        "fields": {
            "view_maintenance": 1,
            "Date_maintenance": "2022-06-01",
            "operating_hours": 55,
            "work_order_number": "2022-10КЕ19СИЛ",
            "work_order_date": "2022-05-30",
            "car": 4,
            "service_company": 2
        }
    },
    {
        "model": "maintenance.maintenance",
        "pk": 29,
        "fields": {
            "view_maintenance": 2,
            "Date_maintenance": "2022-06-29",
            "operating_hours": 216,
            "work_order_number": "2022-92КЕ16СИЛ",
            "work_order_date": "2022-06-27",
            "car": 4,
            "service_company": 2
        }
    },
    {
        "model": "maintenance.maintenance",
        "pk": 30,
        "fields": {
            "view_maintenance": 3,
            "Date_maintenance": "2022-08-06",
            "operating_hours": 434,
            "work_order_number": "2022-55КЕ37СИЛ",
            "work_order_date": "2022-08-04",
            "car": 4,
            "service_company": 2
        }
    },
    {
        "model": "maintenance.maintenance",
        "pk": 31,
        "fields": {
            "view_maintenance": 1,
            "Date_maintenance": "2022-07-23",
            "operating_hours": 54,
            "work_order_number": "2022-72КЕ89СИЛ",
            "work_order_date": "2022-07-21",
            "car": 7,
            "service_company": 4
        }
    },
    {
        "model": "maintenance.maintenance",
        "pk": 32,
        "fields": {
            "view_maintenance": 2,
            "Date_maintenance": "2022-08-20",
            "operating_hours": 206,
            "work_order_number": "2022-26КЕ57СИЛ",
            "work_order_date": "2022-08-18",
            "car": 7,
            "service_company": 4
        }
    },
    {
        "model": "maintenance.maintenance",
        "pk": 33,
        "fields": {
            "view_maintenance": 3,
            "Date_maintenance": "2022-09-27",
            "operating_hours": 407,
            "work_order_number": "2022-54КЕ66СИЛ",
            "work_order_date": "2022-09-25",
            "car": 7,
            "service_company": 4
        }
    },
    {
        "model": "maintenance.maintenance",
        "pk": 34,
        "fields": {
            "view_maintenance": 1,
            "Date_maintenance": "2022-09-04",
            "operating_hours": 53,
            "work_order_number": "2022-58КЕ94СИЛ",
            "work_order_date": "2022-09-02",
            "car": 8,
            "service_company": 4
        }
    },
    {
        "model": "maintenance.maintenance",
        "pk": 35,
        "fields": {
            "view_maintenance": 2,
            "Date_maintenance": "2022-10-02",
            "operating_hours": 202,
            "work_order_number": "2022-98КЕ93СИЛ",
            "work_order_date": "2022-09-30",
            "car": 8,
            "service_company": 4
        }
    },
    {
        "model": "maintenance.maintenance",
        "pk": 36,
        "fields": {
            "view_maintenance": 3,
            "Date_maintenance": "2022-11-09",
            "operating_hours": 402,
            "work_order_number": "2022-82КЕ69СИЛ",
            "work_order_date": "2022-11-07",
            "car": 8,
            "service_company": 4
        }
    },
    {
        "model": "reclamation.reclamation",
        "pk": 1,
        "fields": {
            "date_of_refusal": "2021-10-26",
            "operating_hours": 142,
            "failure_node": 6,
            "description_of_failure": "разрушение подшипника",
            "recovery_method": 2,
            "parts_used": "подшипник",
            "restore_date": "2021-11-02",
            "car": 5,
            "service_company": 2
        }
    },
    {
        "model": "reclamation.reclamation",
        "pk": 2,
        "fields": {
            "date_of_refusal": "2021-10-11",
            "operating_hours": 59,
            "failure_node": 3,
            "description_of_failure": "течь масла",
            "recovery_method": 2,
            "parts_used": "прокладки",
            "restore_date": "2021-10-21",
            "car": 10,
            "service_company": 3
        }
    },
    {
        "model": "reclamation.reclamation",
        "pk": 3,
        "fields": {
            "date_of_refusal": "2021-12-31",
            "operating_hours": 61,
            "failure_node": 4,
            "description_of_failure": "разрушение верхнего ролика",
            "recovery_method": 2,
            "parts_used": "ролик",
            "restore_date": "2022-01-05",
            "car": 6,
            "service_company": 1
        }
    },
    {
        "model": "reclamation.reclamation",
        "pk": 4,
        "fields": {
            "date_of_refusal": "2022-04-01",
            "operating_hours": 123,
            "failure_node": 3,
            "description_of_failure": "повышенный шум",
            "recovery_method": 2,
            "parts_used": "прокладки, прочие материалы",
            "restore_date": "2022-04-08",
            "car": 1,
            "service_company": 1
        }
    },
    {
        "model": "reclamation.reclamation",
        "pk": 5,
        "fields": {
            "date_of_refusal": "2022-04-02",
            "operating_hours": 129,
            "failure_node": 5,
            "description_of_failure": "проскальзывание",
            "recovery_method": 2,
            "parts_used": "шестерня ведущая",
            "restore_date": "2022-04-07",
            "car": 1,
            "service_company": 1
        }
    },
    {
        "model": "reclamation.reclamation",
        "pk": 6,
        "fields": {
            "date_of_refusal": "2022-03-30",
            "operating_hours": 112,
            "failure_node": 5,
            "description_of_failure": "блокировка колес",
            "recovery_method": 1,
            "parts_used": "",
            "restore_date": "2022-03-31",
            "car": 1,
            "service_company": 1
        }
    },
    {
        "model": "reclamation.reclamation",
        "pk": 7,
        "fields": {
            "date_of_refusal": "2022-02-01",
            "operating_hours": 22,
            "failure_node": 3,
            "description_of_failure": "не заводится",
            "recovery_method": 1,
            "parts_used": "",
            "restore_date": "2022-02-10",
            "car": 9,
            "service_company": 3
        }
    },
    {
        "model": "reclamation.reclamation",
        "pk": 8,
        "fields": {
            "date_of_refusal": "2022-02-06",
            "operating_hours": 123,
            "failure_node": 1,
            "description_of_failure": "блокировка колес",
            "recovery_method": 2,
            "parts_used": "колесо",
            "restore_date": "2022-02-11",
            "car": 2,
            "service_company": 2
        }
    },
    {
        "model": "reclamation.reclamation",
        "pk": 9,
        "fields": {
            "date_of_refusal": "2022-05-05",
            "operating_hours": 38,
            "failure_node": 6,
            "description_of_failure": "разрушение подшипника",
            "recovery_method": 2,
            "parts_used": "подшипник",
            "restore_date": "2022-05-07",
            "car": 3,
            "service_company": 1
        }
    },
    {
        "model": "reclamation.reclamation",
        "pk": 10,
        "fields": {
            "date_of_refusal": "2022-06-17",
            "operating_hours": 112,
            "failure_node": 6,
            "description_of_failure": "разрушение подшипника",
            "recovery_method": 2,
            "parts_used": "подшипник",
            "restore_date": "2022-06-25",
            "car": 4,
            "service_company": 1
        }
    },
    {
        "model": "reclamation.reclamation",
        "pk": 11,
        "fields": {
            "date_of_refusal": "2022-07-28",
            "operating_hours": 56,
            "failure_node": 3,
            "description_of_failure": "течь масла",
            "recovery_method": 2,
            "parts_used": "прокладки",
            "restore_date": "2022-08-01",
            "car": 7,
            "service_company": 1
        }
    },
    {
        "model": "reclamation.reclamation",
        "pk": 12,
        "fields": {
            "date_of_refusal": "2022-09-07",
            "operating_hours": 47,
            "failure_node": 2,
            "description_of_failure": "течь масла",
            "recovery_method": 2,
            "parts_used": "прокладки",
            "restore_date": "2022-09-09",
            "car": 8,
            "service_company": 1
        }
    },
    {
        "model": "deskbook.vehiclemodel",
        "pk": 1,
        "fields": {
            "name": "ПГ1,5",
            "description": ""
        }
    },
    {
        "model": "deskbook.vehiclemodel",
        "pk": 2,
        "fields": {
            "name": "ПД1,5",
            "description": ""
        }
    },
    {
        "model": "deskbook.vehiclemodel",
        "pk": 3,
        "fields": {
            "name": "ПД2,0",
            "description": ""
        }
    },
    {
        "model": "deskbook.vehiclemodel",
        "pk": 4,
        "fields": {
            "name": "ПД2,5",
            "description": ""
        }
    },
    {
        "model": "deskbook.vehiclemodel",
        "pk": 5,
        "fields": {
            "name": "ПД3,0",
            "description": ""
        }
    },
    {
        "model": "deskbook.vehiclemodel",
        "pk": 6,
        "fields": {
            "name": "ПД5,0",
            "description": ""
        }
    },
    {
        "model": "deskbook.enginemodel",
        "pk": 1,
        "fields": {
            "name": "Kubota D1803",
            "description": ""
        }
    },
    {
        "model": "deskbook.enginemodel",
        "pk": 2,
        "fields": {
            "name": "Kubota V3300",
            "description": ""
        }
    },
    {
        "model": "deskbook.enginemodel",
        "pk": 3,
        "fields": {
            "name": "MMZ-4D",
            "description": ""
        }
    },
    {
        "model": "deskbook.enginemodel",
        "pk": 4,
        "fields": {
            "name": "Nissan K21",
            "description": ""
        }
    },
    {
        "model": "deskbook.enginemodel",
        "pk": 5,
        "fields": {
            "name": "ММЗ Д-243",
            "description": ""
        }
    },
    {
        "model": "deskbook.transmissionmodel",
        "pk": 1,
        "fields": {
            "name": "10VA-00105",
            "description": ""
        }
    },
    {
        "model": "deskbook.transmissionmodel",
        "pk": 2,
        "fields": {
            "name": "10VB-00106",
            "description": ""
        }
    },
    {
        "model": "deskbook.transmissionmodel",
        "pk": 3,
        "fields": {
            "name": "HF30-VP010",
            "description": ""
        }
    },
    {
        "model": "deskbook.transmissionmodel",
        "pk": 4,
        "fields": {
            "name": "HF50-VP020",
            "description": ""
        }
    },
    {
        "model": "deskbook.driveaxle",
        "pk": 1,
        "fields": {
            "name": "20VA-00101",
            "description": ""
        }
    },
    {
        "model": "deskbook.driveaxle",
        "pk": 2,
        "fields": {
            "name": "20VB-00102",
            "description": ""
        }
    },
    {
        "model": "deskbook.driveaxle",
        "pk": 3,
        "fields": {
            "name": "HA30-02020",
            "description": ""
        }
    },
    {
        "model": "deskbook.driveaxle",
        "pk": 4,
        "fields": {
            "name": "HA50-VP010",
            "description": ""
        }
    },
    {
        "model": "deskbook.steeringaxle",
        "pk": 1,
        "fields": {
            "name": "B350655A",
            "description": ""
        }
    },
    {
        "model": "deskbook.steeringaxle",
        "pk": 2,
        "fields": {
            "name": "VS20-00001",
            "description": ""
        }
    },
    {
        "model": "deskbook.steeringaxle",
        "pk": 3,
        "fields": {
            "name": "VS30-00001",
            "description": ""
        }
    },
    {
        "model": "deskbook.failurenode",
        "pk": 1,
        "fields": {
            "name": "Ведущий мост",
            "description": ""
        }
    },
    {
        "model": "deskbook.failurenode",
        "pk": 2,
        "fields": {
            "name": "Гидросистема",
            "description": ""
        }
    },
    {
        "model": "deskbook.failurenode",
        "pk": 3,
        "fields": {
            "name": "Двигатель",
            "description": ""
        }
    },
    {
        "model": "deskbook.failurenode",
        "pk": 4,
        "fields": {
            "name": "Подъёмное устройство",
            "description": ""
        }
    },
    {
        "model": "deskbook.failurenode",
        "pk": 5,
        "fields": {
            "name": "Трансмиссия",
            "description": ""
        }
    },
    {
        "model": "deskbook.failurenode",
        "pk": 6,
        "fields": {
            "name": "Управляемый мост",
            "description": ""
        }
    },
    {
        "model": "deskbook.recoverymethod",
        "pk": 1,
        "fields": {
            "name": "Замена узла",
            "description": ""
        }
    },
    {
        "model": "deskbook.recoverymethod",
        "pk": 2,
        "fields": {
            "name": "Ремонт узла",
            "description": ""
        }
    },
    {
        "model": "deskbook.viewmaintenance",
        "pk": 1,
        "fields": {
            "name": "ТО-0 (50 м/час)",
            "description": ""
        }
    },
    {
        "model": "deskbook.viewmaintenance",
        "pk": 2,
        "fields": {
            "name": "ТО-1 (200 м/час)",
            "description": ""
        }
    },
    {
        "model": "deskbook.viewmaintenance",
        "pk": 3,
        "fields": {
            "name": "ТО-2 (400 м/час)",
            "description": ""
        }
    },
    {
        "model": "deskbook.viewmaintenance",
        "pk": 4,
        "fields": {
            "name": "ТО-4 (1000м/час)",
            "description": ""
        }
    },
    {
        "model": "deskbook.viewmaintenance",
        "pk": 5,
        "fields": {
            "name": "ТО-5 (2000м/час)",
            "description": ""
        }
    }
]