[
    {
        "model": "admin.logentry",
        "pk": 1,
        "fields": {
            "action_time": "2024-01-15T16:07:53.832Z",
            "user": 1,
            "content_type": 11,
            "object_id": "1",
            "object_repr": "20VA-00101",
            "action_flag": 1,
            "change_message": "[{\"added\": {}}]"
        }
    },
    {
        "model": "admin.logentry",
        "pk": 2,
        "fields": {
            "action_time": "2024-01-15T16:09:32.173Z",
            "user": 1,
            "content_type": 11,
            "object_id": "2",
            "object_repr": "20VB-00102",
            "action_flag": 1,
            "change_message": "[{\"added\": {}}]"
        }
    },
    {
        "model": "admin.logentry",
        "pk": 3,
        "fields": {
            "action_time": "2024-01-15T16:09:44.588Z",
            "user": 1,
            "content_type": 11,
            "object_id": "3",
            "object_repr": "HA30-02020",
            "action_flag": 1,
            "change_message": "[{\"added\": {}}]"
        }
    },
    {
        "model": "admin.logentry",
        "pk": 4,
        "fields": {
            "action_time": "2024-01-15T16:10:01.035Z",
            "user": 1,
            "content_type": 11,
            "object_id": "4",
            "object_repr": "HA50-VP010",
            "action_flag": 1,
            "change_message": "[{\"added\": {}}]"
        }
    },
    {
        "model": "admin.logentry",
        "pk": 5,
        "fields": {
            "action_time": "2024-01-15T16:10:33.382Z",
            "user": 1,
            "content_type": 12,
            "object_id": "1",
            "object_repr": "Kubota D1803",
            "action_flag": 1,
            "change_message": "[{\"added\": {}}]"
        }
    },
    {
        "model": "admin.logentry",
        "pk": 6,
        "fields": {
            "action_time": "2024-01-15T16:10:59.815Z",
            "user": 1,
            "content_type": 12,
            "object_id": "2",
            "object_repr": "Kubota V3300",
            "action_flag": 1,
            "change_message": "[{\"added\": {}}]"
        }
    },
    {
        "model": "admin.logentry",
        "pk": 7,
        "fields": {
            "action_time": "2024-01-15T16:11:10.940Z",
            "user": 1,
            "content_type": 12,
            "object_id": "3",
            "object_repr": "MMZ-4D",
            "action_flag": 1,
            "change_message": "[{\"added\": {}}]"
        }
    },
    {
        "model": "admin.logentry",
        "pk": 8,
        "fields": {
            "action_time": "2024-01-15T16:11:21.002Z",
            "user": 1,
            "content_type": 12,
            "object_id": "4",
            "object_repr": "MMZ-4D",
            "action_flag": 1,
            "change_message": "[{\"added\": {}}]"
        }
    },
    {
        "model": "admin.logentry",
        "pk": 9,
        "fields": {
            "action_time": "2024-01-15T16:11:42.670Z",
            "user": 1,
            "content_type": 12,
            "object_id": "4",
            "object_repr": "Nissan K21",
            "action_flag": 2,
            "change_message": "[{\"changed\": {\"fields\": [\"\\u041c\\u043e\\u0434\\u0435\\u043b\\u044c \\u0434\\u0432\\u0438\\u0433\\u0430\\u0442\\u0435\\u043b\\u044f\"]}}]"
        }
    },
    {
        "model": "admin.logentry",
        "pk": 10,
        "fields": {
            "action_time": "2024-01-15T16:12:09.027Z",
            "user": 1,
            "content_type": 12,
            "object_id": "5",
            "object_repr": "ММЗ Д-243",
            "action_flag": 1,
            "change_message": "[{\"added\": {}}]"
        }
    },
    {
        "model": "admin.logentry",
        "pk": 11,
        "fields": {
            "action_time": "2024-01-15T16:12:37.160Z",
            "user": 1,
            "content_type": 17,
            "object_id": "1",
            "object_repr": "ПГ1,5",
            "action_flag": 1,
            "change_message": "[{\"added\": {}}]"
        }
    },
    {
        "model": "admin.logentry",
        "pk": 12,
        "fields": {
            "action_time": "2024-01-15T16:12:51.454Z",
            "user": 1,
            "content_type": 17,
            "object_id": "2",
            "object_repr": "ПД1,5",
            "action_flag": 1,
            "change_message": "[{\"added\": {}}]"
        }
    },
    {
        "model": "admin.logentry",
        "pk": 13,
        "fields": {
            "action_time": "2024-01-15T16:13:01.189Z",
            "user": 1,
            "content_type": 17,
            "object_id": "3",
            "object_repr": "ПД2,0",
            "action_flag": 1,
            "change_message": "[{\"added\": {}}]"
        }
    },
    {
        "model": "admin.logentry",
        "pk": 14,
        "fields": {
            "action_time": "2024-01-15T16:13:14.366Z",
            "user": 1,
            "content_type": 17,
            "object_id": "4",
            "object_repr": "ПД2,5",
            "action_flag": 1,
            "change_message": "[{\"added\": {}}]"
        }
    },
    {
        "model": "admin.logentry",
        "pk": 15,
        "fields": {
            "action_time": "2024-01-15T16:13:25.789Z",
            "user": 1,
            "content_type": 17,
            "object_id": "5",
            "object_repr": "ПД3,0",
            "action_flag": 1,
            "change_message": "[{\"added\": {}}]"
        }
    },
    {
        "model": "admin.logentry",
        "pk": 16,
        "fields": {
            "action_time": "2024-01-15T16:13:38.247Z",
            "user": 1,
            "content_type": 17,
            "object_id": "6",
            "object_repr": "ПД5,0",
            "action_flag": 1,
            "change_message": "[{\"added\": {}}]"
        }
    },
    {
        "model": "admin.logentry",
        "pk": 17,
        "fields": {
            "action_time": "2024-01-15T16:14:13.884Z",
            "user": 1,
            "content_type": 16,
            "object_id": "1",
            "object_repr": "10VA-00105",
            "action_flag": 1,
            "change_message": "[{\"added\": {}}]"
        }
    },
    {
        "model": "admin.logentry",
        "pk": 18,
        "fields": {
            "action_time": "2024-01-15T16:14:25.092Z",
            "user": 1,
            "content_type": 16,
            "object_id": "2",
            "object_repr": "10VB-00106",
            "action_flag": 1,
            "change_message": "[{\"added\": {}}]"
        }
    },
    {
        "model": "admin.logentry",
        "pk": 19,
        "fields": {
            "action_time": "2024-01-15T16:14:35.916Z",
            "user": 1,
            "content_type": 16,
            "object_id": "3",
            "object_repr": "HF30-VP010",
            "action_flag": 1,
            "change_message": "[{\"added\": {}}]"
        }
    },
    {
        "model": "admin.logentry",
        "pk": 20,
        "fields": {
            "action_time": "2024-01-15T16:14:47.584Z",
            "user": 1,
            "content_type": 16,
            "object_id": "4",
            "object_repr": "HF50-VP020",
            "action_flag": 1,
            "change_message": "[{\"added\": {}}]"
        }
    },
    {
        "model": "admin.logentry",
        "pk": 21,
        "fields": {
            "action_time": "2024-01-15T16:15:14.069Z",
            "user": 1,
            "content_type": 15,
            "object_id": "1",
            "object_repr": "B350655A",
            "action_flag": 1,
            "change_message": "[{\"added\": {}}]"
        }
    },
    {
        "model": "admin.logentry",
        "pk": 22,
        "fields": {
            "action_time": "2024-01-15T16:15:25.950Z",
            "user": 1,
            "content_type": 15,
            "object_id": "2",
            "object_repr": "VS20-00001",
            "action_flag": 1,
            "change_message": "[{\"added\": {}}]"
        }
    },
    {
        "model": "admin.logentry",
        "pk": 23,
        "fields": {
            "action_time": "2024-01-15T16:15:37.204Z",
            "user": 1,
            "content_type": 15,
            "object_id": "3",
            "object_repr": "VS30-00001",
            "action_flag": 1,
            "change_message": "[{\"added\": {}}]"
        }
    },
    {
        "model": "admin.logentry",
        "pk": 24,
        "fields": {
            "action_time": "2024-01-15T16:16:21.666Z",
            "user": 1,
            "content_type": 14,
            "object_id": "1",
            "object_repr": "Замена узла",
            "action_flag": 1,
            "change_message": "[{\"added\": {}}]"
        }
    },
    {
        "model": "admin.logentry",
        "pk": 25,
        "fields": {
            "action_time": "2024-01-15T16:16:32.325Z",
            "user": 1,
            "content_type": 14,
            "object_id": "2",
            "object_repr": "Ремонт узла",
            "action_flag": 1,
            "change_message": "[{\"added\": {}}]"
        }
    },
    {
        "model": "admin.logentry",
        "pk": 26,
        "fields": {
            "action_time": "2024-01-15T16:16:54.614Z",
            "user": 1,
            "content_type": 13,
            "object_id": "1",
            "object_repr": "Ведущий мост",
            "action_flag": 1,
            "change_message": "[{\"added\": {}}]"
        }
    },
    {
        "model": "admin.logentry",
        "pk": 27,
        "fields": {
            "action_time": "2024-01-15T16:17:05.993Z",
            "user": 1,
            "content_type": 13,
            "object_id": "2",
            "object_repr": "Ведущий мост",
            "action_flag": 1,
            "change_message": "[{\"added\": {}}]"
        }
    },
    {
        "model": "admin.logentry",
        "pk": 28,
        "fields": {
            "action_time": "2024-01-15T16:17:17.297Z",
            "user": 1,
            "content_type": 13,
            "object_id": "2",
            "object_repr": "Гидросистема",
            "action_flag": 2,
            "change_message": "[{\"changed\": {\"fields\": [\"\\u041d\\u0430\\u0437\\u0432\\u0430\\u043d\\u0438\\u0435\"]}}]"
        }
    },
    {
        "model": "admin.logentry",
        "pk": 29,
        "fields": {
            "action_time": "2024-01-15T16:17:28.872Z",
            "user": 1,
            "content_type": 13,
            "object_id": "3",
            "object_repr": "Двигатель",
            "action_flag": 1,
            "change_message": "[{\"added\": {}}]"
        }
    },
    {
        "model": "admin.logentry",
        "pk": 30,
        "fields": {
            "action_time": "2024-01-15T16:17:42.994Z",
            "user": 1,
            "content_type": 13,
            "object_id": "4",
            "object_repr": "Подъёмное устройство",
            "action_flag": 1,
            "change_message": "[{\"added\": {}}]"
        }
    },
    {
        "model": "admin.logentry",
        "pk": 31,
        "fields": {
            "action_time": "2024-01-15T16:17:53.431Z",
            "user": 1,
            "content_type": 13,
            "object_id": "5",
            "object_repr": "Трансмиссия",
            "action_flag": 1,
            "change_message": "[{\"added\": {}}]"
        }
    },
    {
        "model": "admin.logentry",
        "pk": 32,
        "fields": {
            "action_time": "2024-01-15T16:18:04.804Z",
            "user": 1,
            "content_type": 13,
            "object_id": "6",
            "object_repr": "Управляемый мост",
            "action_flag": 1,
            "change_message": "[{\"added\": {}}]"
        }
    },
    {
        "model": "admin.logentry",
        "pk": 33,
        "fields": {
            "action_time": "2024-01-15T16:47:05.756Z",
            "user": 1,
            "content_type": 9,
            "object_id": "1",
            "object_repr": "0003 - ПД3,0 - Управляемый мост - ООО Силант",
            "action_flag": 1,
            "change_message": "[{\"added\": {}}]"
        }
    },
    {
        "model": "admin.logentry",
        "pk": 34,
        "fields": {
            "action_time": "2024-01-16T17:35:02.595Z",
            "user": 1,
            "content_type": 9,
            "object_id": "2",
            "object_repr": "0008 - ПД3,0 - Двигатель - ООО ФНС",
            "action_flag": 1,
            "change_message": "[{\"added\": {}}]"
        }
    },
    {
        "model": "admin.logentry",
        "pk": 35,
        "fields": {
            "action_time": "2024-01-16T17:36:20.732Z",
            "user": 1,
            "content_type": 9,
            "object_id": "3",
            "object_repr": "0016 - ПГ1,5 - Подъёмное устройство - ООО Промышленная техника",
            "action_flag": 1,
            "change_message": "[{\"added\": {}}]"
        }
    },
    {
        "model": "admin.logentry",
        "pk": 36,
        "fields": {
            "action_time": "2024-01-16T17:37:37.986Z",
            "user": 1,
            "content_type": 9,
            "object_id": "4",
            "object_repr": "0017 - ПГ1,5 - Двигатель - ООО Промышленная техника",
            "action_flag": 1,
            "change_message": "[{\"added\": {}}]"
        }
    },
    {
        "model": "admin.logentry",
        "pk": 37,
        "fields": {
            "action_time": "2024-01-16T17:38:24.960Z",
            "user": 1,
            "content_type": 9,
            "object_id": "5",
            "object_repr": "0017 - ПГ1,5 - Трансмиссия - ООО Промышленная техника",
            "action_flag": 1,
            "change_message": "[{\"added\": {}}]"
        }
    },
    {
        "model": "admin.logentry",
        "pk": 38,
        "fields": {
            "action_time": "2024-01-16T17:39:55.930Z",
            "user": 1,
            "content_type": 9,
            "object_id": "6",
            "object_repr": "0017 - ПГ1,5 - Трансмиссия - ООО Промышленная техника",
            "action_flag": 1,
            "change_message": "[{\"added\": {}}]"
        }
    },
    {
        "model": "admin.logentry",
        "pk": 39,
        "fields": {
            "action_time": "2024-01-16T17:41:12.459Z",
            "user": 1,
            "content_type": 9,
            "object_id": "7",
            "object_repr": "0019 - ПД5,0 - Двигатель - ООО ФНС",
            "action_flag": 1,
            "change_message": "[{\"added\": {}}]"
        }
    },
    {
        "model": "admin.logentry",
        "pk": 40,
        "fields": {
            "action_time": "2024-01-16T17:42:26.902Z",
            "user": 1,
            "content_type": 9,
            "object_id": "8",
            "object_repr": "0021 - ПД5,0 - Ведущий мост - ООО Силант",
            "action_flag": 1,
            "change_message": "[{\"added\": {}}]"
        }
    },
    {
        "model": "admin.logentry",
        "pk": 41,
        "fields": {
            "action_time": "2024-01-16T17:43:33.245Z",
            "user": 1,
            "content_type": 9,
            "object_id": "9",
            "object_repr": "0027 - ПД5,0 - Управляемый мост - ООО Промышленная техника",
            "action_flag": 1,
            "change_message": "[{\"added\": {}}]"
        }
    },
    {
        "model": "admin.logentry",
        "pk": 42,
        "fields": {
            "action_time": "2024-01-16T17:44:42.013Z",
            "user": 1,
            "content_type": 9,
            "object_id": "10",
            "object_repr": "0032 - ПД3,0 - Управляемый мост - ООО Промышленная техника",
            "action_flag": 1,
            "change_message": "[{\"added\": {}}]"
        }
    },
    {
        "model": "admin.logentry",
        "pk": 43,
        "fields": {
            "action_time": "2024-01-16T17:45:49.062Z",
            "user": 1,
            "content_type": 9,
            "object_id": "11",
            "object_repr": "0039 - ПД2,0 - Двигатель - ООО Промышленная техника",
            "action_flag": 1,
            "change_message": "[{\"added\": {}}]"
        }
    },
    {
        "model": "admin.logentry",
        "pk": 44,
        "fields": {
            "action_time": "2024-01-16T17:46:46.257Z",
            "user": 1,
            "content_type": 9,
            "object_id": "12",
            "object_repr": "0045 - ПД2,5 - Гидросистема - ООО Промышленная техника",
            "action_flag": 1,
            "change_message": "[{\"added\": {}}]"
        }
    },
    {
        "model": "auth.permission",
        "pk": 1,
        "fields": {
            "name": "Can add log entry",
            "content_type": 1,
            "codename": "add_logentry"
        }
    },
    {
        "model": "auth.permission",
        "pk": 2,
        "fields": {
            "name": "Can change log entry",
            "content_type": 1,
            "codename": "change_logentry"
        }
    },
    {
        "model": "auth.permission",
        "pk": 3,
        "fields": {
            "name": "Can delete log entry",
            "content_type": 1,
            "codename": "delete_logentry"
        }
    },
    {
        "model": "auth.permission",
        "pk": 4,
        "fields": {
            "name": "Can view log entry",
            "content_type": 1,
            "codename": "view_logentry"
        }
    },
    {
        "model": "auth.permission",
        "pk": 5,
        "fields": {
            "name": "Can add permission",
            "content_type": 2,
            "codename": "add_permission"
        }
    },
    {
        "model": "auth.permission",
        "pk": 6,
        "fields": {
            "name": "Can change permission",
            "content_type": 2,
            "codename": "change_permission"
        }
    },
    {
        "model": "auth.permission",
        "pk": 7,
        "fields": {
            "name": "Can delete permission",
            "content_type": 2,
            "codename": "delete_permission"
        }
    },
    {
        "model": "auth.permission",
        "pk": 8,
        "fields": {
            "name": "Can view permission",
            "content_type": 2,
            "codename": "view_permission"
        }
    },
    {
        "model": "auth.permission",
        "pk": 9,
        "fields": {
            "name": "Can add group",
            "content_type": 3,
            "codename": "add_group"
        }
    },
    {
        "model": "auth.permission",
        "pk": 10,
        "fields": {
            "name": "Can change group",
            "content_type": 3,
            "codename": "change_group"
        }
    },
    {
        "model": "auth.permission",
        "pk": 11,
        "fields": {
            "name": "Can delete group",
            "content_type": 3,
            "codename": "delete_group"
        }
    },
    {
        "model": "auth.permission",
        "pk": 12,
        "fields": {
            "name": "Can view group",
            "content_type": 3,
            "codename": "view_group"
        }
    },
    {
        "model": "auth.permission",
        "pk": 13,
        "fields": {
            "name": "Can add user",
            "content_type": 4,
            "codename": "add_user"
        }
    },
    {
        "model": "auth.permission",
        "pk": 14,
        "fields": {
            "name": "Can change user",
            "content_type": 4,
            "codename": "change_user"
        }
    },
    {
        "model": "auth.permission",
        "pk": 15,
        "fields": {
            "name": "Can delete user",
            "content_type": 4,
            "codename": "delete_user"
        }
    },
    {
        "model": "auth.permission",
        "pk": 16,
        "fields": {
            "name": "Can view user",
            "content_type": 4,
            "codename": "view_user"
        }
    },
    {
        "model": "auth.permission",
        "pk": 17,
        "fields": {
            "name": "Can add content type",
            "content_type": 5,
            "codename": "add_contenttype"
        }
    },
    {
        "model": "auth.permission",
        "pk": 18,
        "fields": {
            "name": "Can change content type",
            "content_type": 5,
            "codename": "change_contenttype"
        }
    },
    {
        "model": "auth.permission",
        "pk": 19,
        "fields": {
            "name": "Can delete content type",
            "content_type": 5,
            "codename": "delete_contenttype"
        }
    },
    {
        "model": "auth.permission",
        "pk": 20,
        "fields": {
            "name": "Can view content type",
            "content_type": 5,
            "codename": "view_contenttype"
        }
    },
    {
        "model": "auth.permission",
        "pk": 21,
        "fields": {
            "name": "Can add session",
            "content_type": 6,
            "codename": "add_session"
        }
    },
    {
        "model": "auth.permission",
        "pk": 22,
        "fields": {
            "name": "Can change session",
            "content_type": 6,
            "codename": "change_session"
        }
    },
    {
        "model": "auth.permission",
        "pk": 23,
        "fields": {
            "name": "Can delete session",
            "content_type": 6,
            "codename": "delete_session"
        }
    },
    {
        "model": "auth.permission",
        "pk": 24,
        "fields": {
            "name": "Can view session",
            "content_type": 6,
            "codename": "view_session"
        }
    },
    {
        "model": "auth.permission",
        "pk": 25,
        "fields": {
            "name": "Can add Сервисная компания",
            "content_type": 7,
            "codename": "add_servicecompany"
        }
    },
    {
        "model": "auth.permission",
        "pk": 26,
        "fields": {
            "name": "Can change Сервисная компания",
            "content_type": 7,
            "codename": "change_servicecompany"
        }
    },
    {
        "model": "auth.permission",
        "pk": 27,
        "fields": {
            "name": "Can delete Сервисная компания",
            "content_type": 7,
            "codename": "delete_servicecompany"
        }
    },
    {
        "model": "auth.permission",
        "pk": 28,
        "fields": {
            "name": "Can view Сервисная компания",
            "content_type": 7,
            "codename": "view_servicecompany"
        }
    },
    {
        "model": "auth.permission",
        "pk": 29,
        "fields": {
            "name": "Can add Машину",
            "content_type": 8,
            "codename": "add_cars"
        }
    },
    {
        "model": "auth.permission",
        "pk": 30,
        "fields": {
            "name": "Can change Машину",
            "content_type": 8,
            "codename": "change_cars"
        }
    },
    {
        "model": "auth.permission",
        "pk": 31,
        "fields": {
            "name": "Can delete Машину",
            "content_type": 8,
            "codename": "delete_cars"
        }
    },
    {
        "model": "auth.permission",
        "pk": 32,
        "fields": {
            "name": "Can view Машину",
            "content_type": 8,
            "codename": "view_cars"
        }
    },
    {
        "model": "auth.permission",
        "pk": 33,
        "fields": {
            "name": "Can add Рекламация",
            "content_type": 9,
            "codename": "add_reclamation"
        }
    },
    {
        "model": "auth.permission",
        "pk": 34,
        "fields": {
            "name": "Can change Рекламация",
            "content_type": 9,
            "codename": "change_reclamation"
        }
    },
    {
        "model": "auth.permission",
        "pk": 35,
        "fields": {
            "name": "Can delete Рекламация",
            "content_type": 9,
            "codename": "delete_reclamation"
        }
    },
    {
        "model": "auth.permission",
        "pk": 36,
        "fields": {
            "name": "Can view Рекламация",
            "content_type": 9,
            "codename": "view_reclamation"
        }
    },
    {
        "model": "auth.permission",
        "pk": 37,
        "fields": {
            "name": "Can add ТО",
            "content_type": 10,
            "codename": "add_maintenance"
        }
    },
    {
        "model": "auth.permission",
        "pk": 38,
        "fields": {
            "name": "Can change ТО",
            "content_type": 10,
            "codename": "change_maintenance"
        }
    },
    {
        "model": "auth.permission",
        "pk": 39,
        "fields": {
            "name": "Can delete ТО",
            "content_type": 10,
            "codename": "delete_maintenance"
        }
    },
    {
        "model": "auth.permission",
        "pk": 40,
        "fields": {
            "name": "Can view ТО",
            "content_type": 10,
            "codename": "view_maintenance"
        }
    },
    {
        "model": "auth.permission",
        "pk": 41,
        "fields": {
            "name": "Can add Модель ведущего моста",
            "content_type": 11,
            "codename": "add_driveaxle"
        }
    },
    {
        "model": "auth.permission",
        "pk": 42,
        "fields": {
            "name": "Can change Модель ведущего моста",
            "content_type": 11,
            "codename": "change_driveaxle"
        }
    },
    {
        "model": "auth.permission",
        "pk": 43,
        "fields": {
            "name": "Can delete Модель ведущего моста",
            "content_type": 11,
            "codename": "delete_driveaxle"
        }
    },
    {
        "model": "auth.permission",
        "pk": 44,
        "fields": {
            "name": "Can view Модель ведущего моста",
            "content_type": 11,
            "codename": "view_driveaxle"
        }
    },
    {
        "model": "auth.permission",
        "pk": 45,
        "fields": {
            "name": "Can add Модель двигателя",
            "content_type": 12,
            "codename": "add_enginemodel"
        }
    },
    {
        "model": "auth.permission",
        "pk": 46,
        "fields": {
            "name": "Can change Модель двигателя",
            "content_type": 12,
            "codename": "change_enginemodel"
        }
    },
    {
        "model": "auth.permission",
        "pk": 47,
        "fields": {
            "name": "Can delete Модель двигателя",
            "content_type": 12,
            "codename": "delete_enginemodel"
        }
    },
    {
        "model": "auth.permission",
        "pk": 48,
        "fields": {
            "name": "Can view Модель двигателя",
            "content_type": 12,
            "codename": "view_enginemodel"
        }
    },
    {
        "model": "auth.permission",
        "pk": 49,
        "fields": {
            "name": "Can add Узел отказа",
            "content_type": 13,
            "codename": "add_failurenode"
        }
    },
    {
        "model": "auth.permission",
        "pk": 50,
        "fields": {
            "name": "Can change Узел отказа",
            "content_type": 13,
            "codename": "change_failurenode"
        }
    },
    {
        "model": "auth.permission",
        "pk": 51,
        "fields": {
            "name": "Can delete Узел отказа",
            "content_type": 13,
            "codename": "delete_failurenode"
        }
    },
    {
        "model": "auth.permission",
        "pk": 52,
        "fields": {
            "name": "Can view Узел отказа",
            "content_type": 13,
            "codename": "view_failurenode"
        }
    },
    {
        "model": "auth.permission",
        "pk": 53,
        "fields": {
            "name": "Can add Способ востановления",
            "content_type": 14,
            "codename": "add_recoverymethod"
        }
    },
    {
        "model": "auth.permission",
        "pk": 54,
        "fields": {
            "name": "Can change Способ востановления",
            "content_type": 14,
            "codename": "change_recoverymethod"
        }
    },
    {
        "model": "auth.permission",
        "pk": 55,
        "fields": {
            "name": "Can delete Способ востановления",
            "content_type": 14,
            "codename": "delete_recoverymethod"
        }
    },
    {
        "model": "auth.permission",
        "pk": 56,
        "fields": {
            "name": "Can view Способ востановления",
            "content_type": 14,
            "codename": "view_recoverymethod"
        }
    },
    {
        "model": "auth.permission",
        "pk": 57,
        "fields": {
            "name": "Can add Модель управляемого моста",
            "content_type": 15,
            "codename": "add_steeringaxle"
        }
    },
    {
        "model": "auth.permission",
        "pk": 58,
        "fields": {
            "name": "Can change Модель управляемого моста",
            "content_type": 15,
            "codename": "change_steeringaxle"
        }
    },
    {
        "model": "auth.permission",
        "pk": 59,
        "fields": {
            "name": "Can delete Модель управляемого моста",
            "content_type": 15,
            "codename": "delete_steeringaxle"
        }
    },
    {
        "model": "auth.permission",
        "pk": 60,
        "fields": {
            "name": "Can view Модель управляемого моста",
            "content_type": 15,
            "codename": "view_steeringaxle"
        }
    },
    {
        "model": "auth.permission",
        "pk": 61,
        "fields": {
            "name": "Can add Модель трансмиссии",
            "content_type": 16,
            "codename": "add_transmissionmodel"
        }
    },
    {
        "model": "auth.permission",
        "pk": 62,
        "fields": {
            "name": "Can change Модель трансмиссии",
            "content_type": 16,
            "codename": "change_transmissionmodel"
        }
    },
    {
        "model": "auth.permission",
        "pk": 63,
        "fields": {
            "name": "Can delete Модель трансмиссии",
            "content_type": 16,
            "codename": "delete_transmissionmodel"
        }
    },
    {
        "model": "auth.permission",
        "pk": 64,
        "fields": {
            "name": "Can view Модель трансмиссии",
            "content_type": 16,
            "codename": "view_transmissionmodel"
        }
    },
    {
        "model": "auth.permission",
        "pk": 65,
        "fields": {
            "name": "Can add Модель техники",
            "content_type": 17,
            "codename": "add_vehiclemodel"
        }
    },
    {
        "model": "auth.permission",
        "pk": 66,
        "fields": {
            "name": "Can change Модель техники",
            "content_type": 17,
            "codename": "change_vehiclemodel"
        }
    },
    {
        "model": "auth.permission",
        "pk": 67,
        "fields": {
            "name": "Can delete Модель техники",
            "content_type": 17,
            "codename": "delete_vehiclemodel"
        }
    },
    {
        "model": "auth.permission",
        "pk": 68,
        "fields": {
            "name": "Can view Модель техники",
            "content_type": 17,
            "codename": "view_vehiclemodel"
        }
    },
    {
        "model": "auth.permission",
        "pk": 69,
        "fields": {
            "name": "Can add Вид ТО",
            "content_type": 18,
            "codename": "add_viewmaintenance"
        }
    },
    {
        "model": "auth.permission",
        "pk": 70,
        "fields": {
            "name": "Can change Вид ТО",
            "content_type": 18,
            "codename": "change_viewmaintenance"
        }
    },
    {
        "model": "auth.permission",
        "pk": 71,
        "fields": {
            "name": "Can delete Вид ТО",
            "content_type": 18,
            "codename": "delete_viewmaintenance"
        }
    },
    {
        "model": "auth.permission",
        "pk": 72,
        "fields": {
            "name": "Can view Вид ТО",
            "content_type": 18,
            "codename": "view_viewmaintenance"
        }
    },
    {
        "model": "auth.user",
        "pk": 1,
        "fields": {
            "password": "pbkdf2_sha256$600000$fqhFLG6eazKTqVg2NAuZcW$ml+onFR+opvG4Jx7b4HBcUy395Z/Iqa8S4TVam6ZiTU=",
            "last_login": "2024-01-15T15:54:29.516Z",
            "is_superuser": true,
            "username": "admin",
            "first_name": "",
            "last_name": "",
            "email": "",
            "is_staff": true,
            "is_active": true,
            "date_joined": "2024-01-15T15:53:14.708Z",
            "groups": [],
            "user_permissions": []
        }
    },
    {
        "model": "contenttypes.contenttype",
        "pk": 1,
        "fields": {
            "app_label": "admin",
            "model": "logentry"
        }
    },
    {
        "model": "contenttypes.contenttype",
        "pk": 2,
        "fields": {
            "app_label": "auth",
            "model": "permission"
        }
    },
    {
        "model": "contenttypes.contenttype",
        "pk": 3,
        "fields": {
            "app_label": "auth",
            "model": "group"
        }
    },
    {
        "model": "contenttypes.contenttype",
        "pk": 4,
        "fields": {
            "app_label": "auth",
            "model": "user"
        }
    },
    {
        "model": "contenttypes.contenttype",
        "pk": 5,
        "fields": {
            "app_label": "contenttypes",
            "model": "contenttype"
        }
    },
    {
        "model": "contenttypes.contenttype",
        "pk": 6,
        "fields": {
            "app_label": "sessions",
            "model": "session"
        }
    },
    {
        "model": "contenttypes.contenttype",
        "pk": 7,
        "fields": {
            "app_label": "cars",
            "model": "servicecompany"
        }
    },
    {
        "model": "contenttypes.contenttype",
        "pk": 8,
        "fields": {
            "app_label": "cars",
            "model": "cars"
        }
    },
    {
        "model": "contenttypes.contenttype",
        "pk": 9,
        "fields": {
            "app_label": "cars",
            "model": "reclamation"
        }
    },
    {
        "model": "contenttypes.contenttype",
        "pk": 10,
        "fields": {
            "app_label": "cars",
            "model": "maintenance"
        }
    },
    {
        "model": "contenttypes.contenttype",
        "pk": 11,
        "fields": {
            "app_label": "deskbook",
            "model": "driveaxle"
        }
    },
    {
        "model": "contenttypes.contenttype",
        "pk": 12,
        "fields": {
            "app_label": "deskbook",
            "model": "enginemodel"
        }
    },
    {
        "model": "contenttypes.contenttype",
        "pk": 13,
        "fields": {
            "app_label": "deskbook",
            "model": "failurenode"
        }
    },
    {
        "model": "contenttypes.contenttype",
        "pk": 14,
        "fields": {
            "app_label": "deskbook",
            "model": "recoverymethod"
        }
    },
    {
        "model": "contenttypes.contenttype",
        "pk": 15,
        "fields": {
            "app_label": "deskbook",
            "model": "steeringaxle"
        }
    },
    {
        "model": "contenttypes.contenttype",
        "pk": 16,
        "fields": {
            "app_label": "deskbook",
            "model": "transmissionmodel"
        }
    },
    {
        "model": "contenttypes.contenttype",
        "pk": 17,
        "fields": {
            "app_label": "deskbook",
            "model": "vehiclemodel"
        }
    },
    {
        "model": "contenttypes.contenttype",
        "pk": 18,
        "fields": {
            "app_label": "deskbook",
            "model": "viewmaintenance"
        }
    },
    {
        "model": "sessions.session",
        "pk": "pyemf4vm2x8zxu6udjh65bb37iuv74en",
        "fields": {
            "session_data": ".eJxVjMsOwiAQRf-FtSE4HQRcuu83kBkeUjWQlHZl_HfbpAvd3nPOfQtP61L82tPspyiu4ixOvxtTeKa6g_igem8ytLrME8tdkQftcmwxvW6H-3dQqJetxksChgyZbVQRgw1MRM4NinDQhCFaB3lgt3HQRqNW2ijNgOSSIRSfL_qfN_w:1rPPID:MXgPSvXLU__6XucpNrdxbvxEF0Suf0wHhTmVLelTt1c",
            "expire_date": "2024-01-29T15:54:29.656Z"
        }
    },
    {
        "model": "cars.servicecompany",
        "pk": 1,
        "fields": {
            "name": "ООО Промышленная техника",
            "description": ""
        }
    },
    {
        "model": "cars.servicecompany",
        "pk": 2,
        "fields": {
            "name": "ООО Силант",
            "description": ""
        }
    },
    {
        "model": "cars.servicecompany",
        "pk": 3,
        "fields": {
            "name": "ООО ФНС",
            "description": ""
        }
    },
    {
        "model": "cars.servicecompany",
        "pk": 4,
        "fields": {
            "name": "самостоятельно",
            "description": ""
        }
    },
    {
        "model": "cars.cars",
        "pk": 1,
        "fields": {
            "serial_number_vehicle": "0017",
            "vehicle_model": 1,
            "engine_model": 1,
            "serial_number_of_the_engine": "7ML1035",
            "transmission_model": 1,
            "serial_number_of_the_transmission": "21D0108251",
            "drive_axle_model": 1,
            "drive_axle_serial_number": "21D0107997",
            "steering_axle_model": 2,
            "serial_number_of_the_steered_axle": "21D0093265",
            "supply_contract": null,
            "date_shipped_from_factory": "2022-03-09",
            "consignee": "ИП Трудников С.В.",
            "delivery_address": "п. Знаменский,  Респ. Марий Эл",
            "equipment": "1. Гидролинии с БРС;\r\n2. Дополнительеная установка кабины",
            "client": "ИП Трудников С.В.",
            "service_company": 1
        }
    },
    {
        "model": "cars.cars",
        "pk": 2,
        "fields": {
            "serial_number_vehicle": "0021",
            "vehicle_model": 6,
            "engine_model": 5,
            "serial_number_of_the_engine": "112890",
            "transmission_model": 4,
            "serial_number_of_the_transmission": "20H0066",
            "drive_axle_model": 4,
            "drive_axle_serial_number": "20H0039",
            "steering_axle_model": 1,
            "serial_number_of_the_steered_axle": "KDBAC9685",
            "supply_contract": null,
            "date_shipped_from_factory": "2022-01-14",
            "consignee": "ООО \"ДЭТ №13\"",
            "delivery_address": "с. Акуловка, Московская обл.",
            "equipment": "Стандарт",
            "client": "ООО \"ФПК21\"",
            "service_company": 2
        }
    },
    {
        "model": "cars.cars",
        "pk": 3,
        "fields": {
            "serial_number_vehicle": "0027",
            "vehicle_model": 6,
            "engine_model": 5,
            "serial_number_of_the_engine": "167733",
            "transmission_model": 4,
            "serial_number_of_the_transmission": "20H0070",
            "drive_axle_model": 4,
            "drive_axle_serial_number": "20H0049",
            "steering_axle_model": 1,
            "serial_number_of_the_steered_axle": "KDBAH6583",
            "supply_contract": null,
            "date_shipped_from_factory": "2022-04-28",
            "consignee": "ООО \"Мосгоррест\"",
            "delivery_address": "г. Санкт-Петербург",
            "equipment": "1. Кабина с отопителем",
            "client": "ООО \"МНС77\"",
            "service_company": 1
        }
    },
    {
        "model": "cars.cars",
        "pk": 4,
        "fields": {
            "serial_number_vehicle": "0032",
            "vehicle_model": 5,
            "engine_model": 2,
            "serial_number_of_the_engine": "2MU2983",
            "transmission_model": 2,
            "serial_number_of_the_transmission": "21K0116785",
            "drive_axle_model": 2,
            "drive_axle_serial_number": "21K0115910",
            "steering_axle_model": 3,
            "serial_number_of_the_steered_axle": "00070422",
            "supply_contract": null,
            "date_shipped_from_factory": "2022-05-27",
            "consignee": "ФРП России",
            "delivery_address": "г. Челябинск, в/ч",
            "equipment": "1. Кабина с отопителем;\r\n2. Медицинская аптечка;\r\n3. Проблесковый маячок;\r\n4. Знак аварийной остановки;\r\n5. Огнетушитель порошковый 5п;",
            "client": "ООО \"ФПК21\"",
            "service_company": 1
        }
    },
    {
        "model": "cars.cars",
        "pk": 5,
        "fields": {
            "serial_number_vehicle": "0003",
            "vehicle_model": 5,
            "engine_model": 2,
            "serial_number_of_the_engine": "2ME0639",
            "transmission_model": 2,
            "serial_number_of_the_transmission": "21D0108264",
            "drive_axle_model": 2,
            "drive_axle_serial_number": "21D0107988",
            "steering_axle_model": 3,
            "serial_number_of_the_steered_axle": "0821004",
            "supply_contract": null,
            "date_shipped_from_factory": "2021-09-30",
            "consignee": "ООО \"Ранский ЛПХ\"",
            "delivery_address": "п. Опарино, Кировская обл.",
            "equipment": "Стандарт",
            "client": "ООО \"Ранский ЛПХ\"",
            "service_company": 2
        }
    },
    {
        "model": "cars.cars",
        "pk": 6,
        "fields": {
            "serial_number_vehicle": "0016",
            "vehicle_model": 1,
            "engine_model": 4,
            "serial_number_of_the_engine": "049827",
            "transmission_model": 1,
            "serial_number_of_the_transmission": "21D0108256",
            "drive_axle_model": 1,
            "drive_axle_serial_number": "21D0108000",
            "steering_axle_model": 2,
            "serial_number_of_the_steered_axle": "21D0093244",
            "supply_contract": null,
            "date_shipped_from_factory": "2021-12-20",
            "consignee": "ООО \"ГП СПБ\"",
            "delivery_address": "г. Санкт-Петербург",
            "equipment": "1. Кабина с отопителем;\r\n2. Каретка смещения + гидролинии;",
            "client": "ООО \"Комплект-Поставка\"",
            "service_company": 1
        }
    },
    {
        "model": "cars.cars",
        "pk": 7,
        "fields": {
            "serial_number_vehicle": "0039",
            "vehicle_model": 3,
            "engine_model": 3,
            "serial_number_of_the_engine": "000015",
            "transmission_model": 3,
            "serial_number_of_the_transmission": "22B0001",
            "drive_axle_model": 3,
            "drive_axle_serial_number": "22B3364",
            "steering_axle_model": 2,
            "serial_number_of_the_steered_axle": "00010622",
            "supply_contract": null,
            "date_shipped_from_factory": "2022-07-18",
            "consignee": "ФСН России",
            "delivery_address": "г. Москва",
            "equipment": "1. Высота подъёма вил - 4 500мм;\r\n2. Кабина с отопителем;\r\n3. Шины суперэластик;\r\n4. Прибор комбинированный КД8235;",
            "client": "ООО \"РМК\"",
            "service_company": 1
        }
    },
    {
        "model": "cars.cars",
        "pk": 8,
        "fields": {
            "serial_number_vehicle": "0045",
            "vehicle_model": 4,
            "engine_model": 3,
            "serial_number_of_the_engine": "000003",
            "transmission_model": 3,
            "serial_number_of_the_transmission": "22B0008",
            "drive_axle_model": 3,
            "drive_axle_serial_number": "22B3370",
            "steering_axle_model": 2,
            "serial_number_of_the_steered_axle": "00200622",
            "supply_contract": null,
            "date_shipped_from_factory": "2022-08-30",
            "consignee": "АО Зандер",
            "delivery_address": "г. Краснодар",
            "equipment": "1. Кабина с отопителем;\r\n2. Каретка бокового смещения 1050мм;\r\n3. Блокировка реверса хода;\r\n4. Высота подъёма вил - 4800мм;\r\n5. Прибор комбинированный КД8235;",
            "client": "АО \"Зандер\"",
            "service_company": 1
        }
    },
    {
        "model": "cars.cars",
        "pk": 9,
        "fields": {
            "serial_number_vehicle": "0019",
            "vehicle_model": 6,
            "engine_model": 5,
            "serial_number_of_the_engine": "112893",
            "transmission_model": 4,
            "serial_number_of_the_transmission": "20H0069",
            "drive_axle_model": 4,
            "drive_axle_serial_number": "20H0041",
            "steering_axle_model": 1,
            "serial_number_of_the_steered_axle": "KDBAC9687",
            "supply_contract": null,
            "date_shipped_from_factory": "2022-01-28",
            "consignee": "АО \"Т-Минус\"",
            "delivery_address": "г. Первоуральск,  Свердловской обл.",
            "equipment": "1. Высота подъёма вил - 4 500мм;\r\n2. Центральный цилиндр подъёма ;\r\n3. Кабина с отопителем;\r\n4. Стрела безблочная Г-образная;",
            "client": "ООО \"ФПК21\"",
            "service_company": 3
        }
    },
    {
        "model": "cars.cars",
        "pk": 10,
        "fields": {
            "serial_number_vehicle": "0008",
            "vehicle_model": 5,
            "engine_model": 2,
            "serial_number_of_the_engine": "2ME0753",
            "transmission_model": 2,
            "serial_number_of_the_transmission": "21D0108269",
            "drive_axle_model": 2,
            "drive_axle_serial_number": "21D0108011",
            "steering_axle_model": 3,
            "serial_number_of_the_steered_axle": "0821005",
            "supply_contract": null,
            "date_shipped_from_factory": "2021-09-30",
            "consignee": "ООО \"ГП Краснодар\"",
            "delivery_address": "г. Краснодар",
            "equipment": "1. Кабина с отопителем;",
            "client": "ООО \"Комплект-Поставка\"",
            "service_company": 3
        }
    },
    {
        "model": "cars.maintenance",
        "pk": 1,
        "fields": {
            "view_maintenance": 1,
            "Date_maintenance": "2021-10-05",
            "operating_hours": 55,
            "work_order_number": "2022-32КЕ5СИЛ",
            "work_order_date": "2021-10-03",
            "car": 5,
            "service_company": 1
        }
    },
    {
        "model": "cars.maintenance",
        "pk": 2,
        "fields": {
            "view_maintenance": 2,
            "Date_maintenance": "2021-11-02",
            "operating_hours": 220,
            "work_order_number": "2022-81КЕ66СИЛ",
            "work_order_date": "2021-10-31",
            "car": 5,
            "service_company": 1
        }
    },
    {
        "model": "cars.maintenance",
        "pk": 3,
        "fields": {
            "view_maintenance": 3,
            "Date_maintenance": "2021-12-10",
            "operating_hours": 450,
            "work_order_number": "2022-72КЕ68СИЛ",
            "work_order_date": "2021-12-08",
            "car": 5,
            "service_company": 1
        }
    },
    {
        "model": "cars.maintenance",
        "pk": 4,
        "fields": {
            "view_maintenance": 4,
            "Date_maintenance": "2022-02-13",
            "operating_hours": 1054,
            "work_order_number": "2022-56КЕ54СИЛ",
            "work_order_date": "2022-02-11",
            "car": 5,
            "service_company": 1
        }
    },
    {
        "model": "cars.maintenance",
        "pk": 5,
        "fields": {
            "view_maintenance": 5,
            "Date_maintenance": "2022-09-01",
            "operating_hours": 2053,
            "work_order_number": "2022-99КЕ12СИЛ",
            "work_order_date": "2022-08-30",
            "car": 5,
            "service_company": 1
        }
    },
    {
        "model": "cars.maintenance",
        "pk": 6,
        "fields": {
            "view_maintenance": 1,
            "Date_maintenance": "2021-10-05",
            "operating_hours": 54,
            "work_order_number": "2022-97КЕ18СИЛ",
            "work_order_date": "2021-10-03",
            "car": 10,
            "service_company": 3
        }
    },
    {
        "model": "cars.maintenance",
        "pk": 7,
        "fields": {
            "view_maintenance": 2,
            "Date_maintenance": "2021-11-02",
            "operating_hours": 225,
            "work_order_number": "2022-54КЕ17СИЛ",
            "work_order_date": "2021-10-31",
            "car": 10,
            "service_company": 3
        }
    },
    {
        "model": "cars.maintenance",
        "pk": 8,
        "fields": {
            "view_maintenance": 3,
            "Date_maintenance": "2021-12-10",
            "operating_hours": 422,
            "work_order_number": "2022-97КЕ11СИЛ",
            "work_order_date": "2021-12-08",
            "car": 10,
            "service_company": 3
        }
    },
    {
        "model": "cars.maintenance",
        "pk": 9,
        "fields": {
            "view_maintenance": 4,
            "Date_maintenance": "2022-02-13",
            "operating_hours": 1026,
            "work_order_number": "2022-88КЕ66СИЛ",
            "work_order_date": "2022-02-11",
            "car": 10,
            "service_company": 3
        }
    },
    {
        "model": "cars.maintenance",
        "pk": 10,
        "fields": {
            "view_maintenance": 5,
            "Date_maintenance": "2022-09-01",
            "operating_hours": 2025,
            "work_order_number": "2022-50КЕ10СИЛ",
            "work_order_date": "2022-08-30",
            "car": 10,
            "service_company": 3
        }
    },
    {
        "model": "cars.maintenance",
        "pk": 11,
        "fields": {
            "view_maintenance": 1,
            "Date_maintenance": "2021-12-25",
            "operating_hours": 53,
            "work_order_number": "2022-77КЕ66СИЛ",
            "work_order_date": "2021-12-23",
            "car": 6,
            "service_company": 2
        }
    },
    {
        "model": "cars.maintenance",
        "pk": 12,
        "fields": {
            "view_maintenance": 2,
            "Date_maintenance": "2022-01-22",
            "operating_hours": 221,
            "work_order_number": "2022-96КЕ82СИЛ",
            "work_order_date": "2022-01-20",
            "car": 6,
            "service_company": 2
        }
    },
    {
        "model": "cars.maintenance",
        "pk": 13,
        "fields": {
            "view_maintenance": 3,
            "Date_maintenance": "2022-03-01",
            "operating_hours": 407,
            "work_order_number": "2022-16КЕ6СИЛ",
            "work_order_date": "2022-02-27",
            "car": 6,
            "service_company": 2
        }
    },
    {
        "model": "cars.maintenance",
        "pk": 14,
        "fields": {
            "view_maintenance": 4,
            "Date_maintenance": "2022-05-05",
            "operating_hours": 1011,
            "work_order_number": "2022-22КЕ87СИЛ",
            "work_order_date": "2022-05-03",
            "car": 6,
            "service_company": 4
        }
    },
    {
        "model": "cars.maintenance",
        "pk": 15,
        "fields": {
            "view_maintenance": 5,
            "Date_maintenance": "2022-11-21",
            "operating_hours": 2010,
            "work_order_number": "2022-78КЕ54СИЛ",
            "work_order_date": "2022-11-19",
            "car": 6,
            "service_company": 4
        }
    },
    {
        "model": "cars.maintenance",
        "pk": 16,
        "fields": {
            "view_maintenance": 1,
            "Date_maintenance": "2022-03-14",
            "operating_hours": 53,
            "work_order_number": "2022-70КЕ87СИЛ",
            "work_order_date": "2022-03-12",
            "car": 1,
            "service_company": 4
        }
    },
    {
        "model": "cars.maintenance",
        "pk": 17,
        "fields": {
            "view_maintenance": 2,
            "Date_maintenance": "2022-04-11",
            "operating_hours": 210,
            "work_order_number": "2022-16КЕ87СИЛ",
            "work_order_date": "2022-04-09",
            "car": 1,
            "service_company": 4
        }
    },
    {
        "model": "cars.maintenance",
        "pk": 18,
        "fields": {
            "view_maintenance": 3,
            "Date_maintenance": "2022-05-19",
            "operating_hours": 405,
            "work_order_number": "2022-77КЕ23СИЛ",
            "work_order_date": "2022-05-17",
            "car": 1,
            "service_company": 4
        }
    },
    {
        "model": "cars.maintenance",
        "pk": 19,
        "fields": {
            "view_maintenance": 1,
            "Date_maintenance": "2022-02-02",
            "operating_hours": 55,
            "work_order_number": "2022-6КЕ38СИЛ",
            "work_order_date": "2022-01-31",
            "car": 9,
            "service_company": 3
        }
    },
    {
        "model": "cars.maintenance",
        "pk": 20,
        "fields": {
            "view_maintenance": 2,
            "Date_maintenance": "2022-03-02",
            "operating_hours": 219,
            "work_order_number": "2022-38КЕ68СИЛ",
            "work_order_date": "2022-02-28",
            "car": 9,
            "service_company": 3
        }
    },
    {
        "model": "cars.maintenance",
        "pk": 21,
        "fields": {
            "view_maintenance": 3,
            "Date_maintenance": "2022-04-09",
            "operating_hours": 405,
            "work_order_number": "2022-34КЕ62СИЛ",
            "work_order_date": "2022-04-07",
            "car": 9,
            "service_company": 3
        }
    },
    {
        "model": "cars.maintenance",
        "pk": 22,
        "fields": {
            "view_maintenance": 1,
            "Date_maintenance": "2022-01-19",
            "operating_hours": 52,
            "work_order_number": "2022-27КЕ67СИЛ",
            "work_order_date": "2022-01-17",
            "car": 2,
            "service_company": 2
        }
    },
    {
        "model": "cars.maintenance",
        "pk": 23,
        "fields": {
            "view_maintenance": 2,
            "Date_maintenance": "2022-02-16",
            "operating_hours": 221,
            "work_order_number": "2022-5КЕ78СИЛ",
            "work_order_date": "2022-02-14",
            "car": 2,
            "service_company": 2
        }
    },
    {
        "model": "cars.maintenance",
        "pk": 24,
        "fields": {
            "view_maintenance": 3,
            "Date_maintenance": "2022-03-26",
            "operating_hours": 403,
            "work_order_number": "2022-42КЕ6СИЛ",
            "work_order_date": "2022-03-24",
            "car": 2,
            "service_company": 2
        }
    },
    {
        "model": "cars.maintenance",
        "pk": 25,
        "fields": {
            "view_maintenance": 1,
            "Date_maintenance": "2022-05-03",
            "operating_hours": 52,
            "work_order_number": "2022-21КЕ82СИЛ",
            "work_order_date": "2022-05-01",
            "car": 3,
            "service_company": 1
        }
    },
    {
        "model": "cars.maintenance",
        "pk": 26,
        "fields": {
            "view_maintenance": 2,
            "Date_maintenance": "2022-05-31",
            "operating_hours": 214,
            "work_order_number": "2022-31КЕ19СИЛ",
            "work_order_date": "2022-05-29",
            "car": 3,
            "service_company": 1
        }
    },
    {
        "model": "cars.maintenance",
        "pk": 27,
        "fields": {
            "view_maintenance": 3,
            "Date_maintenance": "2022-07-08",
            "operating_hours": 441,
            "work_order_number": "2022-84КЕ73СИЛ",
            "work_order_date": "2022-07-06",
            "car": 3,
            "service_company": 1
        }
    },
    {
        "model": "cars.maintenance",
        "pk": 28,
        "fields": {
            "view_maintenance": 1,
            "Date_maintenance": "2022-06-01",
            "operating_hours": 55,
            "work_order_number": "2022-10КЕ19СИЛ",
            "work_order_date": "2022-05-30",
            "car": 4,
            "service_company": 2
        }
    },
    {
        "model": "cars.maintenance",
        "pk": 29,
        "fields": {
            "view_maintenance": 2,
            "Date_maintenance": "2022-06-29",
            "operating_hours": 216,
            "work_order_number": "2022-92КЕ16СИЛ",
            "work_order_date": "2022-06-27",
            "car": 4,
            "service_company": 2
        }
    },
    {
        "model": "cars.maintenance",
        "pk": 30,
        "fields": {
            "view_maintenance": 3,
            "Date_maintenance": "2022-08-06",
            "operating_hours": 434,
            "work_order_number": "2022-55КЕ37СИЛ",
            "work_order_date": "2022-08-04",
            "car": 4,
            "service_company": 2
        }
    },
    {
        "model": "cars.maintenance",
        "pk": 31,
        "fields": {
            "view_maintenance": 1,
            "Date_maintenance": "2022-07-23",
            "operating_hours": 54,
            "work_order_number": "2022-72КЕ89СИЛ",
            "work_order_date": "2022-07-21",
            "car": 7,
            "service_company": 4
        }
    },
    {
        "model": "cars.maintenance",
        "pk": 32,
        "fields": {
            "view_maintenance": 2,
            "Date_maintenance": "2022-08-20",
            "operating_hours": 206,
            "work_order_number": "2022-26КЕ57СИЛ",
            "work_order_date": "2022-08-18",
            "car": 7,
            "service_company": 4
        }
    },
    {
        "model": "cars.maintenance",
        "pk": 33,
        "fields": {
            "view_maintenance": 3,
            "Date_maintenance": "2022-09-27",
            "operating_hours": 407,
            "work_order_number": "2022-54КЕ66СИЛ",
            "work_order_date": "2022-09-25",
            "car": 7,
            "service_company": 4
        }
    },
    {
        "model": "cars.maintenance",
        "pk": 34,
        "fields": {
            "view_maintenance": 1,
            "Date_maintenance": "2022-09-04",
            "operating_hours": 53,
            "work_order_number": "2022-58КЕ94СИЛ",
            "work_order_date": "2022-09-02",
            "car": 8,
            "service_company": 4
        }
    },
    {
        "model": "cars.maintenance",
        "pk": 35,
        "fields": {
            "view_maintenance": 2,
            "Date_maintenance": "2022-10-02",
            "operating_hours": 202,
            "work_order_number": "2022-98КЕ93СИЛ",
            "work_order_date": "2022-09-30",
            "car": 8,
            "service_company": 4
        }
    },
    {
        "model": "cars.maintenance",
        "pk": 36,
        "fields": {
            "view_maintenance": 3,
            "Date_maintenance": "2022-11-09",
            "operating_hours": 402,
            "work_order_number": "2022-82КЕ69СИЛ",
            "work_order_date": "2022-11-07",
            "car": 8,
            "service_company": 4
        }
    },
    {
        "model": "cars.reclamation",
        "pk": 1,
        "fields": {
            "date_of_refusal": "2021-10-26",
            "operating_hours": 142,
            "failure_node": 6,
            "description_of_failure": "разрушение подшипника",
            "recovery_method": 2,
            "parts_used": "подшипник",
            "restore_date": "2021-11-02",
            "car": 5,
            "service_company": 2
        }
    },
    {
        "model": "cars.reclamation",
        "pk": 2,
        "fields": {
            "date_of_refusal": "2021-10-11",
            "operating_hours": 59,
            "failure_node": 3,
            "description_of_failure": "течь масла",
            "recovery_method": 2,
            "parts_used": "прокладки",
            "restore_date": "2021-10-21",
            "car": 10,
            "service_company": 3
        }
    },
    {
        "model": "cars.reclamation",
        "pk": 3,
        "fields": {
            "date_of_refusal": "2021-12-31",
            "operating_hours": 61,
            "failure_node": 4,
            "description_of_failure": "разрушение верхнего ролика",
            "recovery_method": 2,
            "parts_used": "ролик",
            "restore_date": "2022-01-05",
            "car": 6,
            "service_company": 1
        }
    },
    {
        "model": "cars.reclamation",
        "pk": 4,
        "fields": {
            "date_of_refusal": "2022-04-01",
            "operating_hours": 123,
            "failure_node": 3,
            "description_of_failure": "повышенный шум",
            "recovery_method": 2,
            "parts_used": "прокладки, прочие материалы",
            "restore_date": "2022-04-08",
            "car": 1,
            "service_company": 1
        }
    },
    {
        "model": "cars.reclamation",
        "pk": 5,
        "fields": {
            "date_of_refusal": "2022-04-02",
            "operating_hours": 129,
            "failure_node": 5,
            "description_of_failure": "проскальзывание",
            "recovery_method": 2,
            "parts_used": "шестерня ведущая",
            "restore_date": "2022-04-07",
            "car": 1,
            "service_company": 1
        }
    },
    {
        "model": "cars.reclamation",
        "pk": 6,
        "fields": {
            "date_of_refusal": "2022-03-30",
            "operating_hours": 112,
            "failure_node": 5,
            "description_of_failure": "блокировка колес",
            "recovery_method": 1,
            "parts_used": "",
            "restore_date": "2022-03-31",
            "car": 1,
            "service_company": 1
        }
    },
    {
        "model": "cars.reclamation",
        "pk": 7,
        "fields": {
            "date_of_refusal": "2022-02-01",
            "operating_hours": 22,
            "failure_node": 3,
            "description_of_failure": "не заводится",
            "recovery_method": 1,
            "parts_used": "",
            "restore_date": "2022-02-10",
            "car": 9,
            "service_company": 3
        }
    },
    {
        "model": "cars.reclamation",
        "pk": 8,
        "fields": {
            "date_of_refusal": "2022-02-06",
            "operating_hours": 123,
            "failure_node": 1,
            "description_of_failure": "блокировка колес",
            "recovery_method": 2,
            "parts_used": "колесо",
            "restore_date": "2022-02-11",
            "car": 2,
            "service_company": 2
        }
    },
    {
        "model": "cars.reclamation",
        "pk": 9,
        "fields": {
            "date_of_refusal": "2022-05-05",
            "operating_hours": 38,
            "failure_node": 6,
            "description_of_failure": "разрушение подшипника",
            "recovery_method": 2,
            "parts_used": "подшипник",
            "restore_date": "2022-05-07",
            "car": 3,
            "service_company": 1
        }
    },
    {
        "model": "cars.reclamation",
        "pk": 10,
        "fields": {
            "date_of_refusal": "2022-06-17",
            "operating_hours": 112,
            "failure_node": 6,
            "description_of_failure": "разрушение подшипника",
            "recovery_method": 2,
            "parts_used": "подшипник",
            "restore_date": "2022-06-25",
            "car": 4,
            "service_company": 1
        }
    },
    {
        "model": "cars.reclamation",
        "pk": 11,
        "fields": {
            "date_of_refusal": "2022-07-28",
            "operating_hours": 56,
            "failure_node": 3,
            "description_of_failure": "течь масла",
            "recovery_method": 2,
            "parts_used": "прокладки",
            "restore_date": "2022-08-01",
            "car": 7,
            "service_company": 1
        }
    },
    {
        "model": "cars.reclamation",
        "pk": 12,
        "fields": {
            "date_of_refusal": "2022-09-07",
            "operating_hours": 47,
            "failure_node": 2,
            "description_of_failure": "течь масла",
            "recovery_method": 2,
            "parts_used": "прокладки",
            "restore_date": "2022-09-09",
            "car": 8,
            "service_company": 1
        }
    },
    {
        "model": "deskbook.vehiclemodel",
        "pk": 1,
        "fields": {
            "name": "ПГ1,5",
            "description": ""
        }
    },
    {
        "model": "deskbook.vehiclemodel",
        "pk": 2,
        "fields": {
            "name": "ПД1,5",
            "description": ""
        }
    },
    {
        "model": "deskbook.vehiclemodel",
        "pk": 3,
        "fields": {
            "name": "ПД2,0",
            "description": ""
        }
    },
    {
        "model": "deskbook.vehiclemodel",
        "pk": 4,
        "fields": {
            "name": "ПД2,5",
            "description": ""
        }
    },
    {
        "model": "deskbook.vehiclemodel",
        "pk": 5,
        "fields": {
            "name": "ПД3,0",
            "description": ""
        }
    },
    {
        "model": "deskbook.vehiclemodel",
        "pk": 6,
        "fields": {
            "name": "ПД5,0",
            "description": ""
        }
    },
    {
        "model": "deskbook.enginemodel",
        "pk": 1,
        "fields": {
            "name": "Kubota D1803",
            "description": ""
        }
    },
    {
        "model": "deskbook.enginemodel",
        "pk": 2,
        "fields": {
            "name": "Kubota V3300",
            "description": ""
        }
    },
    {
        "model": "deskbook.enginemodel",
        "pk": 3,
        "fields": {
            "name": "MMZ-4D",
            "description": ""
        }
    },
    {
        "model": "deskbook.enginemodel",
        "pk": 4,
        "fields": {
            "name": "Nissan K21",
            "description": ""
        }
    },
    {
        "model": "deskbook.enginemodel",
        "pk": 5,
        "fields": {
            "name": "ММЗ Д-243",
            "description": ""
        }
    },
    {
        "model": "deskbook.transmissionmodel",
        "pk": 1,
        "fields": {
            "name": "10VA-00105",
            "description": ""
        }
    },
    {
        "model": "deskbook.transmissionmodel",
        "pk": 2,
        "fields": {
            "name": "10VB-00106",
            "description": ""
        }
    },
    {
        "model": "deskbook.transmissionmodel",
        "pk": 3,
        "fields": {
            "name": "HF30-VP010",
            "description": ""
        }
    },
    {
        "model": "deskbook.transmissionmodel",
        "pk": 4,
        "fields": {
            "name": "HF50-VP020",
            "description": ""
        }
    },
    {
        "model": "deskbook.driveaxle",
        "pk": 1,
        "fields": {
            "name": "20VA-00101",
            "description": ""
        }
    },
    {
        "model": "deskbook.driveaxle",
        "pk": 2,
        "fields": {
            "name": "20VB-00102",
            "description": ""
        }
    },
    {
        "model": "deskbook.driveaxle",
        "pk": 3,
        "fields": {
            "name": "HA30-02020",
            "description": ""
        }
    },
    {
        "model": "deskbook.driveaxle",
        "pk": 4,
        "fields": {
            "name": "HA50-VP010",
            "description": ""
        }
    },
    {
        "model": "deskbook.steeringaxle",
        "pk": 1,
        "fields": {
            "name": "B350655A",
            "description": ""
        }
    },
    {
        "model": "deskbook.steeringaxle",
        "pk": 2,
        "fields": {
            "name": "VS20-00001",
            "description": ""
        }
    },
    {
        "model": "deskbook.steeringaxle",
        "pk": 3,
        "fields": {
            "name": "VS30-00001",
            "description": ""
        }
    },
    {
        "model": "deskbook.failurenode",
        "pk": 1,
        "fields": {
            "name": "Ведущий мост",
            "description": ""
        }
    },
    {
        "model": "deskbook.failurenode",
        "pk": 2,
        "fields": {
            "name": "Гидросистема",
            "description": ""
        }
    },
    {
        "model": "deskbook.failurenode",
        "pk": 3,
        "fields": {
            "name": "Двигатель",
            "description": ""
        }
    },
    {
        "model": "deskbook.failurenode",
        "pk": 4,
        "fields": {
            "name": "Подъёмное устройство",
            "description": ""
        }
    },
    {
        "model": "deskbook.failurenode",
        "pk": 5,
        "fields": {
            "name": "Трансмиссия",
            "description": ""
        }
    },
    {
        "model": "deskbook.failurenode",
        "pk": 6,
        "fields": {
            "name": "Управляемый мост",
            "description": ""
        }
    },
    {
        "model": "deskbook.recoverymethod",
        "pk": 1,
        "fields": {
            "name": "Замена узла",
            "description": ""
        }
    },
    {
        "model": "deskbook.recoverymethod",
        "pk": 2,
        "fields": {
            "name": "Ремонт узла",
            "description": ""
        }
    },
    {
        "model": "deskbook.viewmaintenance",
        "pk": 1,
        "fields": {
            "name": "ТО-0 (50 м/час)",
            "description": ""
        }
    },
    {
        "model": "deskbook.viewmaintenance",
        "pk": 2,
        "fields": {
            "name": "ТО-1 (200 м/час)",
            "description": ""
        }
    },
    {
        "model": "deskbook.viewmaintenance",
        "pk": 3,
        "fields": {
            "name": "ТО-2 (400 м/час)",
            "description": ""
        }
    },
    {
        "model": "deskbook.viewmaintenance",
        "pk": 4,
        "fields": {
            "name": "ТО-4 (1000м/час)",
            "description": ""
        }
    },
    {
        "model": "deskbook.viewmaintenance",
        "pk": 5,
        "fields": {
            "name": "ТО-5 (2000м/час)",
            "description": ""
        }
    }
]